hs6,class,material,description,source
391510,plastic_waste,NA,"Ethylene polymers: waste, parings and scrap",HS 2012 ch. 39 / Basel Annex IX B3010
391520,plastic_waste,NA,"Styrene polymers: waste, parings and scrap",HS 2012 ch. 39 / Basel Annex IX B3010
391530,plastic_waste,NA,"Vinyl chloride polymers: waste, parings and scrap",HS 2012 ch. 39 / Basel Annex IX B3010
391590,plastic_waste,NA,"Plastics n.e.c.: waste, parings and scrap",HS 2012 ch. 39 / Basel Annex IX B3010
390210,plastic_regular,NA,Non-waste chapter 39 code with 2014 mean bilateral unit value above the treated maximum,Screened in replication/code/01_build_panel.R from BACI 2014 unit values
390220,plastic_regular,NA,Non-waste chapter 39 code with 2014 mean bilateral unit value above the treated maximum,Screened in replication/code/01_build_panel.R from BACI 2014 unit values
390230,plastic_regular,NA,Non-waste chapter 39 code with 2014 mean bilateral unit value above the treated maximum,Screened in replication/code/01_build_panel.R from BACI 2014 unit values
390290,plastic_regular,NA,Non-waste chapter 39 code with 2014 mean bilateral unit value above the treated maximum,Screened in replication/code/01_build_panel.R from BACI 2014 unit values
390311,plastic_regular,NA,Non-waste chapter 39 code with 2014 mean bilateral unit value above the treated maximum,Screened in replication/code/01_build_panel.R from BACI 2014 unit values
390319,plastic_regular,NA,Non-waste chapter 39 code with 2014 mean bilateral unit value above the treated maximum,Screened in replication/code/01_build_panel.R from BACI 2014 unit values
390320,plastic_regular,NA,Non-waste chapter 39 code with 2014 mean bilateral unit value above the treated maximum,Screened in replication/code/01_build_panel.R from BACI 2014 unit values
390330,plastic_regular,NA,Non-waste chapter 39 code with 2014 mean bilateral unit value above the treated maximum,Screened in replication/code/01_build_panel.R from BACI 2014 unit values
390390,plastic_regular,NA,Non-waste chapter 39 code with 2014 mean bilateral unit value above the treated maximum,Screened in replication/code/01_build_panel.R from BACI 2014 unit values
390410,plastic_regular,NA,Non-waste chapter 39 code with 2014 mean bilateral unit value above the treated maximum,Screened in replication/code/01_build_panel.R from BACI 2014 unit values
390430,plastic_regular,NA,Non-waste chapter 39 code with 2014 mean bilateral unit value above the treated maximum,Screened in replication/code/01_build_panel.R from BACI 2014 unit values
390440,plastic_regular,NA,Non-waste chapter 39 code with 2014 mean bilateral unit value above the treated maximum,Screened in replication/code/01_build_panel.R from BACI 2014 unit values
390450,plastic_regular,NA,Non-waste chapter 39 code with 2014 mean bilateral unit value above the treated maximum,Screened in replication/code/01_build_panel.R from BACI 2014 unit values
390461,plastic_regular,NA,Non-waste chapter 39 code with 2014 mean bilateral unit value above the treated maximum,Screened in replication/code/01_build_panel.R from BACI 2014 unit values
390469,plastic_regular,NA,Non-waste chapter 39 code with 2014 mean bilateral unit value above the treated maximum,Screened in replication/code/01_build_panel.R from BACI 2014 unit values
390490,plastic_regular,NA,Non-waste chapter 39 code with 2014 mean bilateral unit value above the treated maximum,Screened in replication/code/01_build_panel.R from BACI 2014 unit values
390519,plastic_regular,NA,Non-waste chapter 39 code with 2014 mean bilateral unit value above the treated maximum,Screened in replication/code/01_build_panel.R from BACI 2014 unit values
390529,plastic_regular,NA,Non-waste chapter 39 code with 2014 mean bilateral unit value above the treated maximum,Screened in replication/code/01_build_panel.R from BACI 2014 unit values
390530,plastic_regular,NA,Non-waste chapter 39 code with 2014 mean bilateral unit value above the treated maximum,Screened in replication/code/01_build_panel.R from BACI 2014 unit values
390591,plastic_regular,NA,Non-waste chapter 39 code with 2014 mean bilateral unit value above the treated maximum,Screened in replication/code/01_build_panel.R from BACI 2014 unit values
390599,plastic_regular,NA,Non-waste chapter 39 code with 2014 mean bilateral unit value above the treated maximum,Screened in replication/code/01_build_panel.R from BACI 2014 unit values
390610,plastic_regular,NA,Non-waste chapter 39 code with 2014 mean bilateral unit value above the treated maximum,Screened in replication/code/01_build_panel.R from BACI 2014 unit values
390690,plastic_regular,NA,Non-waste chapter 39 code with 2014 mean bilateral unit value above the treated maximum,Screened in replication/code/01_build_panel.R from BACI 2014 unit values
390710,plastic_regular,NA,Non-waste chapter 39 code with 2014 mean bilateral unit value above the treated maximum,Screened in replication/code/01_build_panel.R from BACI 2014 unit values
390720,plastic_regular,NA,Non-waste chapter 39 code with 2014 mean bilateral unit value above the treated maximum,Screened in replication/code/01_build_panel.R from BACI 2014 unit values
390730,plastic_regular,NA,Non-waste chapter 39 code with 2014 mean bilateral unit value above the treated maximum,Screened in replication/code/01_build_panel.R from BACI 2014 unit values
390740,plastic_regular,NA,Non-waste chapter 39 code with 2014 mean bilateral unit value above the treated maximum,Screened in replication/code/01_build_panel.R from BACI 2014 unit values
390750,plastic_regular,NA,Non-waste chapter 39 code with 2014 mean bilateral unit value above the treated maximum,Screened in replication/code/01_build_panel.R from BACI 2014 unit values
390760,plastic_regular,NA,Non-waste chapter 39 code with 2014 mean bilateral unit value above the treated maximum,Screened in replication/code/01_build_panel.R from BACI 2014 unit values
390770,plastic_regular,NA,Non-waste chapter 39 code with 2014 mean bilateral unit value above the treated maximum,Screened in replication/code/01_build_panel.R from BACI 2014 unit values
390791,plastic_regular,NA,Non-waste chapter 39 code with 2014 mean bilateral unit value above the treated maximum,Screened in replication/code/01_build_panel.R from BACI 2014 unit values
390799,plastic_regular,NA,Non-waste chapter 39 code with 2014 mean bilateral unit value above the treated maximum,Screened in replication/code/01_build_panel.R from BACI 2014 unit values
390810,plastic_regular,NA,Non-waste chapter 39 code with 2014 mean bilateral unit value above the treated maximum,Screened in replication/code/01_build_panel.R from BACI 2014 unit values
390890,plastic_regular,NA,Non-waste chapter 39 code with 2014 mean bilateral unit value above the treated maximum,Screened in replication/code/01_build_panel.R from BACI 2014 unit values
390920,plastic_regular,NA,Non-waste chapter 39 code with 2014 mean bilateral unit value above the treated maximum,Screened in replication/code/01_build_panel.R from BACI 2014 unit values
390930,plastic_regular,NA,Non-waste chapter 39 code with 2014 mean bilateral unit value above the treated maximum,Screened in replication/code/01_build_panel.R from BACI 2014 unit values
390940,plastic_regular,NA,Non-waste chapter 39 code with 2014 mean bilateral unit value above the treated maximum,Screened in replication/code/01_build_panel.R from BACI 2014 unit values
390950,plastic_regular,NA,Non-waste chapter 39 code with 2014 mean bilateral unit value above the treated maximum,Screened in replication/code/01_build_panel.R from BACI 2014 unit values
391000,plastic_regular,NA,Non-waste chapter 39 code with 2014 mean bilateral unit value above the treated maximum,Screened in replication/code/01_build_panel.R from BACI 2014 unit values
391110,plastic_regular,NA,Non-waste chapter 39 code with 2014 mean bilateral unit value above the treated maximum,Screened in replication/code/01_build_panel.R from BACI 2014 unit values
391190,plastic_regular,NA,Non-waste chapter 39 code with 2014 mean bilateral unit value above the treated maximum,Screened in replication/code/01_build_panel.R from BACI 2014 unit values
391211,plastic_regular,NA,Non-waste chapter 39 code with 2014 mean bilateral unit value above the treated maximum,Screened in replication/code/01_build_panel.R from BACI 2014 unit values
391212,plastic_regular,NA,Non-waste chapter 39 code with 2014 mean bilateral unit value above the treated maximum,Screened in replication/code/01_build_panel.R from BACI 2014 unit values
391220,plastic_regular,NA,Non-waste chapter 39 code with 2014 mean bilateral unit value above the treated maximum,Screened in replication/code/01_build_panel.R from BACI 2014 unit values
391231,plastic_regular,NA,Non-waste chapter 39 code with 2014 mean bilateral unit value above the treated maximum,Screened in replication/code/01_build_panel.R from BACI 2014 unit values
391239,plastic_regular,NA,Non-waste chapter 39 code with 2014 mean bilateral unit value above the treated maximum,Screened in replication/code/01_build_panel.R from BACI 2014 unit values
391290,plastic_regular,NA,Non-waste chapter 39 code with 2014 mean bilateral unit value above the treated maximum,Screened in replication/code/01_build_panel.R from BACI 2014 unit values
391310,plastic_regular,NA,Non-waste chapter 39 code with 2014 mean bilateral unit value above the treated maximum,Screened in replication/code/01_build_panel.R from BACI 2014 unit values
391390,plastic_regular,NA,Non-waste chapter 39 code with 2014 mean bilateral unit value above the treated maximum,Screened in replication/code/01_build_panel.R from BACI 2014 unit values
391400,plastic_regular,NA,Non-waste chapter 39 code with 2014 mean bilateral unit value above the treated maximum,Screened in replication/code/01_build_panel.R from BACI 2014 unit values
391610,plastic_regular,NA,Non-waste chapter 39 code with 2014 mean bilateral unit value above the treated maximum,Screened in replication/code/01_build_panel.R from BACI 2014 unit values
391620,plastic_regular,NA,Non-waste chapter 39 code with 2014 mean bilateral unit value above the treated maximum,Screened in replication/code/01_build_panel.R from BACI 2014 unit values
391690,plastic_regular,NA,Non-waste chapter 39 code with 2014 mean bilateral unit value above the treated maximum,Screened in replication/code/01_build_panel.R from BACI 2014 unit values
391710,plastic_regular,NA,Non-waste chapter 39 code with 2014 mean bilateral unit value above the treated maximum,Screened in replication/code/01_build_panel.R from BACI 2014 unit values
391721,plastic_regular,NA,Non-waste chapter 39 code with 2014 mean bilateral unit value above the treated maximum,Screened in replication/code/01_build_panel.R from BACI 2014 unit values
391722,plastic_regular,NA,Non-waste chapter 39 code with 2014 mean bilateral unit value above the treated maximum,Screened in replication/code/01_build_panel.R from BACI 2014 unit values
391723,plastic_regular,NA,Non-waste chapter 39 code with 2014 mean bilateral unit value above the treated maximum,Screened in replication/code/01_build_panel.R from BACI 2014 unit values
391729,plastic_regular,NA,Non-waste chapter 39 code with 2014 mean bilateral unit value above the treated maximum,Screened in replication/code/01_build_panel.R from BACI 2014 unit values
391731,plastic_regular,NA,Non-waste chapter 39 code with 2014 mean bilateral unit value above the treated maximum,Screened in replication/code/01_build_panel.R from BACI 2014 unit values
391732,plastic_regular,NA,Non-waste chapter 39 code with 2014 mean bilateral unit value above the treated maximum,Screened in replication/code/01_build_panel.R from BACI 2014 unit values
391733,plastic_regular,NA,Non-waste chapter 39 code with 2014 mean bilateral unit value above the treated maximum,Screened in replication/code/01_build_panel.R from BACI 2014 unit values
391739,plastic_regular,NA,Non-waste chapter 39 code with 2014 mean bilateral unit value above the treated maximum,Screened in replication/code/01_build_panel.R from BACI 2014 unit values
391740,plastic_regular,NA,Non-waste chapter 39 code with 2014 mean bilateral unit value above the treated maximum,Screened in replication/code/01_build_panel.R from BACI 2014 unit values
391810,plastic_regular,NA,Non-waste chapter 39 code with 2014 mean bilateral unit value above the treated maximum,Screened in replication/code/01_build_panel.R from BACI 2014 unit values
391890,plastic_regular,NA,Non-waste chapter 39 code with 2014 mean bilateral unit value above the treated maximum,Screened in replication/code/01_build_panel.R from BACI 2014 unit values
391910,plastic_regular,NA,Non-waste chapter 39 code with 2014 mean bilateral unit value above the treated maximum,Screened in replication/code/01_build_panel.R from BACI 2014 unit values
391990,plastic_regular,NA,Non-waste chapter 39 code with 2014 mean bilateral unit value above the treated maximum,Screened in replication/code/01_build_panel.R from BACI 2014 unit values
392010,plastic_regular,NA,Non-waste chapter 39 code with 2014 mean bilateral unit value above the treated maximum,Screened in replication/code/01_build_panel.R from BACI 2014 unit values
392020,plastic_regular,NA,Non-waste chapter 39 code with 2014 mean bilateral unit value above the treated maximum,Screened in replication/code/01_build_panel.R from BACI 2014 unit values
392030,plastic_regular,NA,Non-waste chapter 39 code with 2014 mean bilateral unit value above the treated maximum,Screened in replication/code/01_build_panel.R from BACI 2014 unit values
392043,plastic_regular,NA,Non-waste chapter 39 code with 2014 mean bilateral unit value above the treated maximum,Screened in replication/code/01_build_panel.R from BACI 2014 unit values
392049,plastic_regular,NA,Non-waste chapter 39 code with 2014 mean bilateral unit value above the treated maximum,Screened in replication/code/01_build_panel.R from BACI 2014 unit values
392051,plastic_regular,NA,Non-waste chapter 39 code with 2014 mean bilateral unit value above the treated maximum,Screened in replication/code/01_build_panel.R from BACI 2014 unit values
392059,plastic_regular,NA,Non-waste chapter 39 code with 2014 mean bilateral unit value above the treated maximum,Screened in replication/code/01_build_panel.R from BACI 2014 unit values
392061,plastic_regular,NA,Non-waste chapter 39 code with 2014 mean bilateral unit value above the treated maximum,Screened in replication/code/01_build_panel.R from BACI 2014 unit values
392062,plastic_regular,NA,Non-waste chapter 39 code with 2014 mean bilateral unit value above the treated maximum,Screened in replication/code/01_build_panel.R from BACI 2014 unit values
392063,plastic_regular,NA,Non-waste chapter 39 code with 2014 mean bilateral unit value above the treated maximum,Screened in replication/code/01_build_panel.R from BACI 2014 unit values
392069,plastic_regular,NA,Non-waste chapter 39 code with 2014 mean bilateral unit value above the treated maximum,Screened in replication/code/01_build_panel.R from BACI 2014 unit values
392071,plastic_regular,NA,Non-waste chapter 39 code with 2014 mean bilateral unit value above the treated maximum,Screened in replication/code/01_build_panel.R from BACI 2014 unit values
392073,plastic_regular,NA,Non-waste chapter 39 code with 2014 mean bilateral unit value above the treated maximum,Screened in replication/code/01_build_panel.R from BACI 2014 unit values
392079,plastic_regular,NA,Non-waste chapter 39 code with 2014 mean bilateral unit value above the treated maximum,Screened in replication/code/01_build_panel.R from BACI 2014 unit values
392091,plastic_regular,NA,Non-waste chapter 39 code with 2014 mean bilateral unit value above the treated maximum,Screened in replication/code/01_build_panel.R from BACI 2014 unit values
392092,plastic_regular,NA,Non-waste chapter 39 code with 2014 mean bilateral unit value above the treated maximum,Screened in replication/code/01_build_panel.R from BACI 2014 unit values
392093,plastic_regular,NA,Non-waste chapter 39 code with 2014 mean bilateral unit value above the treated maximum,Screened in replication/code/01_build_panel.R from BACI 2014 unit values
392094,plastic_regular,NA,Non-waste chapter 39 code with 2014 mean bilateral unit value above the treated maximum,Screened in replication/code/01_build_panel.R from BACI 2014 unit values
392099,plastic_regular,NA,Non-waste chapter 39 code with 2014 mean bilateral unit value above the treated maximum,Screened in replication/code/01_build_panel.R from BACI 2014 unit values
392111,plastic_regular,NA,Non-waste chapter 39 code with 2014 mean bilateral unit value above the treated maximum,Screened in replication/code/01_build_panel.R from BACI 2014 unit values
392112,plastic_regular,NA,Non-waste chapter 39 code with 2014 mean bilateral unit value above the treated maximum,Screened in replication/code/01_build_panel.R from BACI 2014 unit values
392113,plastic_regular,NA,Non-waste chapter 39 code with 2014 mean bilateral unit value above the treated maximum,Screened in replication/code/01_build_panel.R from BACI 2014 unit values
392114,plastic_regular,NA,Non-waste chapter 39 code with 2014 mean bilateral unit value above the treated maximum,Screened in replication/code/01_build_panel.R from BACI 2014 unit values
392119,plastic_regular,NA,Non-waste chapter 39 code with 2014 mean bilateral unit value above the treated maximum,Screened in replication/code/01_build_panel.R from BACI 2014 unit values
392190,plastic_regular,NA,Non-waste chapter 39 code with 2014 mean bilateral unit value above the treated maximum,Screened in replication/code/01_build_panel.R from BACI 2014 unit values
392210,plastic_regular,NA,Non-waste chapter 39 code with 2014 mean bilateral unit value above the treated maximum,Screened in replication/code/01_build_panel.R from BACI 2014 unit values
392220,plastic_regular,NA,Non-waste chapter 39 code with 2014 mean bilateral unit value above the treated maximum,Screened in replication/code/01_build_panel.R from BACI 2014 unit values
392290,plastic_regular,NA,Non-waste chapter 39 code with 2014 mean bilateral unit value above the treated maximum,Screened in replication/code/01_build_panel.R from BACI 2014 unit values
392310,plastic_regular,NA,Non-waste chapter 39 code with 2014 mean bilateral unit value above the treated maximum,Screened in replication/code/01_build_panel.R from BACI 2014 unit values
392321,plastic_regular,NA,Non-waste chapter 39 code with 2014 mean bilateral unit value above the treated maximum,Screened in replication/code/01_build_panel.R from BACI 2014 unit values
392329,plastic_regular,NA,Non-waste chapter 39 code with 2014 mean bilateral unit value above the treated maximum,Screened in replication/code/01_build_panel.R from BACI 2014 unit values
392330,plastic_regular,NA,Non-waste chapter 39 code with 2014 mean bilateral unit value above the treated maximum,Screened in replication/code/01_build_panel.R from BACI 2014 unit values
392340,plastic_regular,NA,Non-waste chapter 39 code with 2014 mean bilateral unit value above the treated maximum,Screened in replication/code/01_build_panel.R from BACI 2014 unit values
392350,plastic_regular,NA,Non-waste chapter 39 code with 2014 mean bilateral unit value above the treated maximum,Screened in replication/code/01_build_panel.R from BACI 2014 unit values
392390,plastic_regular,NA,Non-waste chapter 39 code with 2014 mean bilateral unit value above the treated maximum,Screened in replication/code/01_build_panel.R from BACI 2014 unit values
392410,plastic_regular,NA,Non-waste chapter 39 code with 2014 mean bilateral unit value above the treated maximum,Screened in replication/code/01_build_panel.R from BACI 2014 unit values
392490,plastic_regular,NA,Non-waste chapter 39 code with 2014 mean bilateral unit value above the treated maximum,Screened in replication/code/01_build_panel.R from BACI 2014 unit values
392510,plastic_regular,NA,Non-waste chapter 39 code with 2014 mean bilateral unit value above the treated maximum,Screened in replication/code/01_build_panel.R from BACI 2014 unit values
392520,plastic_regular,NA,Non-waste chapter 39 code with 2014 mean bilateral unit value above the treated maximum,Screened in replication/code/01_build_panel.R from BACI 2014 unit values
392530,plastic_regular,NA,Non-waste chapter 39 code with 2014 mean bilateral unit value above the treated maximum,Screened in replication/code/01_build_panel.R from BACI 2014 unit values
392590,plastic_regular,NA,Non-waste chapter 39 code with 2014 mean bilateral unit value above the treated maximum,Screened in replication/code/01_build_panel.R from BACI 2014 unit values
392610,plastic_regular,NA,Non-waste chapter 39 code with 2014 mean bilateral unit value above the treated maximum,Screened in replication/code/01_build_panel.R from BACI 2014 unit values
392620,plastic_regular,NA,Non-waste chapter 39 code with 2014 mean bilateral unit value above the treated maximum,Screened in replication/code/01_build_panel.R from BACI 2014 unit values
392630,plastic_regular,NA,Non-waste chapter 39 code with 2014 mean bilateral unit value above the treated maximum,Screened in replication/code/01_build_panel.R from BACI 2014 unit values
392640,plastic_regular,NA,Non-waste chapter 39 code with 2014 mean bilateral unit value above the treated maximum,Screened in replication/code/01_build_panel.R from BACI 2014 unit values
392690,plastic_regular,NA,Non-waste chapter 39 code with 2014 mean bilateral unit value above the treated maximum,Screened in replication/code/01_build_panel.R from BACI 2014 unit values
261900,general_waste,general_waste,"Slag, dross: (other than granulated slag), scalings and other waste from the manufacture of iron or steel","Higashida-Managi waste_categories.csv restricted to chapters 26, 40, 47, 72, 74, 76"
262011,general_waste,general_waste,"Slag, ash and residues: (not from the manufacture of iron or steel), containing mainly zinc, hard zinc spelter","Higashida-Managi waste_categories.csv restricted to chapters 26, 40, 47, 72, 74, 76"
262019,general_waste,general_waste,"Slag, ash and residues: (not from the manufacture of iron or steel), containing mainly zinc, other than hard zinc spelter","Higashida-Managi waste_categories.csv restricted to chapters 26, 40, 47, 72, 74, 76"
262021,general_waste,general_waste,"Slag, ash and residues: (not from the manufacture of iron or steel), containing mainly lead: leaded gasoline sludges and leaded anti-knock compound sludges","Higashida-Managi waste_categories.csv restricted to chapters 26, 40, 47, 72, 74, 76"
262029,general_waste,general_waste,"Slag, ash and residues: (not from the manufacture of iron or steel), containing mainly lead: excluding leaded gasoline sludges and leaded anti-knock compound sludges","Higashida-Managi waste_categories.csv restricted to chapters 26, 40, 47, 72, 74, 76"
262030,general_waste,general_waste,"Slag, ash and residues: (not from the manufacture of iron or steel), containing mainly copper","Higashida-Managi waste_categories.csv restricted to chapters 26, 40, 47, 72, 74, 76"
262040,general_waste,general_waste,"Slag, ash and residues: (not from the manufacture of iron or steel), containing mainly aluminium","Higashida-Managi waste_categories.csv restricted to chapters 26, 40, 47, 72, 74, 76"
262060,general_waste,general_waste,"Slag, ash and residues: (not from the manufacture of iron or steel), containing arsenic, mercury, thallium or their mixtures, of a kind used for the extraction of arsenic or those metals or for the manufacture of their chemical compounds","Higashida-Managi waste_categories.csv restricted to chapters 26, 40, 47, 72, 74, 76"
262091,general_waste,general_waste,"Slag, ash and residues: (not from the manufacture of iron or steel), containing antimony, beryllium, cadmium, chromium or their mixtures","Higashida-Managi waste_categories.csv restricted to chapters 26, 40, 47, 72, 74, 76"
262099,general_waste,general_waste,"Slag, ash and residues: (not from the manufacture of iron or steel), containing mainly metals or their compounds, n.e.c. in heading no. 2620","Higashida-Managi waste_categories.csv restricted to chapters 26, 40, 47, 72, 74, 76"
262190,general_waste,general_waste,Slag and ash n.e.c. in chapter 26: including seaweed ash (kelp) but excluding ash and residues from the incineration of municipal waste,"Higashida-Managi waste_categories.csv restricted to chapters 26, 40, 47, 72, 74, 76"
400400,general_waste,general_waste,"Rubber: waste, parings and scrap of rubber (other than hard rubber) and powders and granules obtained therefrom","Higashida-Managi waste_categories.csv restricted to chapters 26, 40, 47, 72, 74, 76"
401700,general_waste,general_waste,"Rubber: ebonite and other hard rubbers in all forms, including waste and scrap, and articles of hard rubber","Higashida-Managi waste_categories.csv restricted to chapters 26, 40, 47, 72, 74, 76"
470620,general_waste,general_waste,Pulp: of fibres derived from recovered (waste and scrap) paper or paperboard,"Higashida-Managi waste_categories.csv restricted to chapters 26, 40, 47, 72, 74, 76"
470691,general_waste,general_waste,"Pulp: of fibrous cellulosic material, other than of bamboo or fibres derived from recovered (waste and scrap) paper or paperboard or from cotton linters pulp, mechanical","Higashida-Managi waste_categories.csv restricted to chapters 26, 40, 47, 72, 74, 76"
470692,general_waste,general_waste,"Pulp: of fibrous cellulosic material, other than of bamboo or fibres derived from recovered (waste and scrap) paper or paperboard or from cotton linters pulp, chemical","Higashida-Managi waste_categories.csv restricted to chapters 26, 40, 47, 72, 74, 76"
470693,general_waste,general_waste,"Pulp: of fibrous cellulosic material, other than of bamboo or fibres derived from recovered (waste and scrap) paper or paperboard or from cotton linters pulp, obtained by a combination of mechanical and chemical processes","Higashida-Managi waste_categories.csv restricted to chapters 26, 40, 47, 72, 74, 76"
470710,general_waste,general_waste,"Paper or paperboard: waste and scrap, of unbleached kraft paper or paperboard or corrugated paper or paperboard","Higashida-Managi waste_categories.csv restricted to chapters 26, 40, 47, 72, 74, 76"
470720,general_waste,general_waste,"Paper or paperboard: waste and scrap, paper or paperboard made mainly of bleached chemical pulp, not coloured in the mass","Higashida-Managi waste_categories.csv restricted to chapters 26, 40, 47, 72, 74, 76"
470730,general_waste,general_waste,"Paper or paperboard: waste and scrap, paper or paperboard made mainly of mechanical pulp (e.g. newspapers, journals and similar printed matter)","Higashida-Managi waste_categories.csv restricted to chapters 26, 40, 47, 72, 74, 76"
470790,general_waste,general_waste,"Paper or paperboard: waste and scrap, of paper or paperboard n.e.c. in heading no. 4707 and of unsorted waste and scrap","Higashida-Managi waste_categories.csv restricted to chapters 26, 40, 47, 72, 74, 76"
720410,general_waste,general_waste,Ferrous waste and scrap: of cast iron,"Higashida-Managi waste_categories.csv restricted to chapters 26, 40, 47, 72, 74, 76"
720421,general_waste,general_waste,Ferrous waste and scrap: of stainless steel,"Higashida-Managi waste_categories.csv restricted to chapters 26, 40, 47, 72, 74, 76"
720429,general_waste,general_waste,Ferrous waste and scrap: of alloy steel (excluding stainless),"Higashida-Managi waste_categories.csv restricted to chapters 26, 40, 47, 72, 74, 76"
720430,general_waste,general_waste,Ferrous waste and scrap: of tinned iron or steel,"Higashida-Managi waste_categories.csv restricted to chapters 26, 40, 47, 72, 74, 76"
720441,general_waste,general_waste,"Ferrous waste and scrap: turnings, shavings, chips, milling waste, sawdust, fillings, trimmings and stampings, whether or not in bundles","Higashida-Managi waste_categories.csv restricted to chapters 26, 40, 47, 72, 74, 76"
720449,general_waste,general_waste,Ferrous waste and scrap: n.e.c. in heading no. 7204,"Higashida-Managi waste_categories.csv restricted to chapters 26, 40, 47, 72, 74, 76"
720450,general_waste,general_waste,Ferrous products: remelting scrap ingots,"Higashida-Managi waste_categories.csv restricted to chapters 26, 40, 47, 72, 74, 76"
740400,general_waste,general_waste,Copper: waste and scrap,"Higashida-Managi waste_categories.csv restricted to chapters 26, 40, 47, 72, 74, 76"
760200,general_waste,general_waste,Aluminium: waste and scrap,"Higashida-Managi waste_categories.csv restricted to chapters 26, 40, 47, 72, 74, 76"
