Year,Country,bana
1996,ALB,0
1996,AND,0
1996,ARG,0
1996,ATG,0
1996,AUT,0
1996,BEL,0
1996,BEN,0
1996,BGR,0
1996,BHR,0
1996,BOL,0
1996,BRA,0
1996,BRN,0
1996,BWA,0
1996,CHE,0
1996,CHL,0
1996,CHN,0
1996,CIV,0
1996,COG,0
1996,COK,0
1996,COL,0
1996,CRI,0
1996,CYP,0
1996,CZE,0
1996,DEU,0
1996,DNK,0
1996,DOM,0
1996,DZA,0
1996,ECU,0
1996,EGY,0
1996,ESP,0
1996,EST,0
1996,ETH,0
1996,EUN,0
1996,FIN,1
1996,FRA,0
1996,GBR,0
1996,GHA,0
1996,GIN,0
1996,GMB,0
1996,GRC,0
1996,GTM,0
1996,HRV,0
1996,HUN,0
1996,IDN,0
1996,IRL,0
1996,IRN,0
1996,ISL,0
1996,ITA,0
1996,JAM,0
1996,JOR,0
1996,KEN,0
1996,KNA,0
1996,KWT,0
1996,LBN,0
1996,LBR,0
1996,LCA,0
1996,LIE,0
1996,LKA,0
1996,LSO,0
1996,LTU,0
1996,LUX,0
1996,LVA,0
1996,MAR,0
1996,MCO,0
1996,MDA,0
1996,MDV,0
1996,MEX,0
1996,MKD,0
1996,MLT,0
1996,MNE,0
1996,MUS,0
1996,MWI,0
1996,MYS,0
1996,NAM,0
1996,NER,0
1996,NGA,0
1996,NIC,0
1996,NLD,0
1996,NOR,0
1996,OMN,0
1996,PAN,0
1996,PER,0
1996,POL,0
1996,PRT,0
1996,PRY,0
1996,QAT,0
1996,ROU,0
1996,SAU,0
1996,SLE,0
1996,SLV,0
1996,SRB,0
1996,SVK,0
1996,SVN,0
1996,SWE,0
1996,SYC,0
1996,SYR,0
1996,THA,0
1996,TTO,0
1996,TUN,0
1996,TUR,0
1996,TZA,0
1996,URY,0
1996,ZAF,0
1996,ZMB,0
1997,ALB,0
1997,AND,0
1997,ARG,0
1997,ATG,0
1997,AUT,0
1997,BEL,0
1997,BEN,0
1997,BGR,0
1997,BHR,0
1997,BOL,0
1997,BRA,0
1997,BRN,0
1997,BWA,0
1997,CHE,0
1997,CHL,0
1997,CHN,0
1997,CIV,0
1997,COG,0
1997,COK,0
1997,COL,0
1997,CRI,0
1997,CYP,0
1997,CZE,0
1997,DEU,0
1997,DNK,1
1997,DOM,0
1997,DZA,0
1997,ECU,0
1997,EGY,0
1997,ESP,1
1997,EST,0
1997,ETH,0
1997,EUN,1
1997,FIN,1
1997,FRA,0
1997,GBR,1
1997,GHA,0
1997,GIN,0
1997,GMB,0
1997,GRC,0
1997,GTM,0
1997,HRV,0
1997,HUN,0
1997,IDN,0
1997,IRL,0
1997,IRN,0
1997,ISL,0
1997,ITA,0
1997,JAM,0
1997,JOR,0
1997,KEN,0
1997,KNA,0
1997,KWT,0
1997,LBN,0
1997,LBR,0
1997,LCA,0
1997,LIE,0
1997,LKA,0
1997,LSO,0
1997,LTU,0
1997,LUX,1
1997,LVA,0
1997,MAR,0
1997,MCO,0
1997,MDA,0
1997,MDV,0
1997,MEX,0
1997,MKD,0
1997,MLT,0
1997,MNE,0
1997,MUS,0
1997,MWI,0
1997,MYS,0
1997,NAM,0
1997,NER,0
1997,NGA,0
1997,NIC,0
1997,NLD,0
1997,NOR,1
1997,OMN,0
1997,PAN,0
1997,PER,0
1997,POL,0
1997,PRT,0
1997,PRY,0
1997,QAT,0
1997,ROU,0
1997,SAU,0
1997,SLE,0
1997,SLV,0
1997,SRB,0
1997,SVK,0
1997,SVN,0
1997,SWE,1
1997,SYC,0
1997,SYR,0
1997,THA,0
1997,TTO,0
1997,TUN,0
1997,TUR,0
1997,TZA,0
1997,URY,0
1997,ZAF,0
1997,ZMB,0
1998,ALB,0
1998,AND,0
1998,ARG,0
1998,ATG,0
1998,AUT,0
1998,BEL,0
1998,BEN,0
1998,BGR,0
1998,BHR,0
1998,BOL,0
1998,BRA,0
1998,BRN,0
1998,BWA,0
1998,CHE,0
1998,CHL,0
1998,CHN,0
1998,CIV,0
1998,COG,0
1998,COK,0
1998,COL,0
1998,CRI,0
1998,CYP,0
1998,CZE,0
1998,DEU,0
1998,DNK,1
1998,DOM,0
1998,DZA,0
1998,ECU,1
1998,EGY,0
1998,ESP,1
1998,EST,0
1998,ETH,0
1998,EUN,1
1998,FIN,1
1998,FRA,0
1998,GBR,1
1998,GHA,0
1998,GIN,0
1998,GMB,0
1998,GRC,0
1998,GTM,0
1998,HRV,0
1998,HUN,0
1998,IDN,0
1998,IRL,0
1998,IRN,0
1998,ISL,0
1998,ITA,0
1998,JAM,0
1998,JOR,0
1998,KEN,0
1998,KNA,0
1998,KWT,0
1998,LBN,0
1998,LBR,0
1998,LCA,0
1998,LIE,0
1998,LKA,0
1998,LSO,0
1998,LTU,0
1998,LUX,1
1998,LVA,0
1998,MAR,0
1998,MCO,0
1998,MDA,0
1998,MDV,0
1998,MEX,0
1998,MKD,0
1998,MLT,0
1998,MNE,0
1998,MUS,0
1998,MWI,0
1998,MYS,0
1998,NAM,0
1998,NER,0
1998,NGA,0
1998,NIC,0
1998,NLD,0
1998,NOR,1
1998,OMN,0
1998,PAN,1
1998,PER,0
1998,POL,0
1998,PRT,0
1998,PRY,1
1998,QAT,0
1998,ROU,0
1998,SAU,0
1998,SLE,0
1998,SLV,0
1998,SRB,0
1998,SVK,1
1998,SVN,0
1998,SWE,1
1998,SYC,0
1998,SYR,0
1998,THA,0
1998,TTO,0
1998,TUN,0
1998,TUR,0
1998,TZA,0
1998,URY,0
1998,ZAF,0
1998,ZMB,0
1999,ALB,0
1999,AND,1
1999,ARG,0
1999,ATG,0
1999,AUT,1
1999,BEL,0
1999,BEN,0
1999,BGR,0
1999,BHR,0
1999,BOL,0
1999,BRA,0
1999,BRN,0
1999,BWA,0
1999,CHE,0
1999,CHL,0
1999,CHN,0
1999,CIV,0
1999,COG,0
1999,COK,0
1999,COL,0
1999,CRI,0
1999,CYP,0
1999,CZE,0
1999,DEU,0
1999,DNK,1
1999,DOM,0
1999,DZA,0
1999,ECU,1
1999,EGY,0
1999,ESP,1
1999,EST,0
1999,ETH,0
1999,EUN,1
1999,FIN,1
1999,FRA,0
1999,GBR,1
1999,GHA,0
1999,GIN,0
1999,GMB,0
1999,GRC,0
1999,GTM,0
1999,HRV,0
1999,HUN,0
1999,IDN,0
1999,IRL,0
1999,IRN,0
1999,ISL,0
1999,ITA,0
1999,JAM,0
1999,JOR,0
1999,KEN,0
1999,KNA,0
1999,KWT,0
1999,LBN,0
1999,LBR,0
1999,LCA,0
1999,LIE,0
1999,LKA,1
1999,LSO,0
1999,LTU,0
1999,LUX,1
1999,LVA,0
1999,MAR,0
1999,MCO,0
1999,MDA,0
1999,MDV,0
1999,MEX,0
1999,MKD,0
1999,MLT,0
1999,MNE,0
1999,MUS,0
1999,MWI,0
1999,MYS,0
1999,NAM,0
1999,NER,0
1999,NGA,0
1999,NIC,0
1999,NLD,0
1999,NOR,1
1999,OMN,0
1999,PAN,1
1999,PER,0
1999,POL,0
1999,PRT,0
1999,PRY,1
1999,QAT,0
1999,ROU,0
1999,SAU,0
1999,SLE,0
1999,SLV,0
1999,SRB,0
1999,SVK,1
1999,SVN,0
1999,SWE,1
1999,SYC,0
1999,SYR,0
1999,THA,0
1999,TTO,0
1999,TUN,1
1999,TUR,0
1999,TZA,0
1999,URY,1
1999,ZAF,0
1999,ZMB,0
2000,ALB,0
2000,AND,1
2000,ARG,0
2000,ATG,0
2000,AUT,1
2000,BEL,0
2000,BEN,0
2000,BGR,1
2000,BHR,0
2000,BOL,0
2000,BRA,0
2000,BRN,0
2000,BWA,0
2000,CHE,0
2000,CHL,0
2000,CHN,0
2000,CIV,0
2000,COG,0
2000,COK,0
2000,COL,0
2000,CRI,0
2000,CYP,1
2000,CZE,1
2000,DEU,0
2000,DNK,1
2000,DOM,0
2000,DZA,0
2000,ECU,1
2000,EGY,0
2000,ESP,1
2000,EST,0
2000,ETH,0
2000,EUN,1
2000,FIN,1
2000,FRA,0
2000,GBR,1
2000,GHA,0
2000,GIN,0
2000,GMB,0
2000,GRC,0
2000,GTM,0
2000,HRV,0
2000,HUN,0
2000,IDN,0
2000,IRL,0
2000,IRN,0
2000,ISL,0
2000,ITA,0
2000,JAM,0
2000,JOR,0
2000,KEN,0
2000,KNA,0
2000,KWT,0
2000,LBN,0
2000,LBR,0
2000,LCA,0
2000,LIE,0
2000,LKA,1
2000,LSO,0
2000,LTU,0
2000,LUX,1
2000,LVA,0
2000,MAR,0
2000,MCO,0
2000,MDA,0
2000,MDV,0
2000,MEX,0
2000,MKD,0
2000,MLT,0
2000,MNE,0
2000,MUS,0
2000,MWI,0
2000,MYS,0
2000,NAM,0
2000,NER,0
2000,NGA,0
2000,NIC,0
2000,NLD,0
2000,NOR,1
2000,OMN,0
2000,PAN,1
2000,PER,0
2000,POL,0
2000,PRT,1
2000,PRY,1
2000,QAT,0
2000,ROU,0
2000,SAU,0
2000,SLE,0
2000,SLV,0
2000,SRB,0
2000,SVK,1
2000,SVN,0
2000,SWE,1
2000,SYC,0
2000,SYR,0
2000,THA,0
2000,TTO,1
2000,TUN,1
2000,TUR,0
2000,TZA,0
2000,URY,1
2000,ZAF,0
2000,ZMB,0
2001,ALB,0
2001,AND,1
2001,ARG,0
2001,ATG,0
2001,AUT,1
2001,BEL,0
2001,BEN,0
2001,BGR,1
2001,BHR,0
2001,BOL,0
2001,BRA,0
2001,BRN,0
2001,BWA,0
2001,CHE,0
2001,CHL,0
2001,CHN,1
2001,CIV,0
2001,COG,0
2001,COK,0
2001,COL,0
2001,CRI,0
2001,CYP,1
2001,CZE,1
2001,DEU,0
2001,DNK,1
2001,DOM,0
2001,DZA,0
2001,ECU,1
2001,EGY,0
2001,ESP,1
2001,EST,1
2001,ETH,0
2001,EUN,1
2001,FIN,1
2001,FRA,0
2001,GBR,1
2001,GHA,0
2001,GIN,0
2001,GMB,1
2001,GRC,0
2001,GTM,0
2001,HRV,0
2001,HUN,0
2001,IDN,0
2001,IRL,0
2001,IRN,0
2001,ISL,0
2001,ITA,0
2001,JAM,0
2001,JOR,0
2001,KEN,0
2001,KNA,0
2001,KWT,0
2001,LBN,0
2001,LBR,0
2001,LCA,0
2001,LIE,0
2001,LKA,1
2001,LSO,0
2001,LTU,0
2001,LUX,1
2001,LVA,0
2001,MAR,0
2001,MCO,0
2001,MDA,0
2001,MDV,0
2001,MEX,0
2001,MKD,0
2001,MLT,0
2001,MNE,0
2001,MUS,0
2001,MWI,0
2001,MYS,1
2001,NAM,0
2001,NER,0
2001,NGA,0
2001,NIC,0
2001,NLD,1
2001,NOR,1
2001,OMN,0
2001,PAN,1
2001,PER,0
2001,POL,0
2001,PRT,1
2001,PRY,1
2001,QAT,0
2001,ROU,0
2001,SAU,0
2001,SLE,0
2001,SLV,0
2001,SRB,0
2001,SVK,1
2001,SVN,0
2001,SWE,1
2001,SYC,0
2001,SYR,0
2001,THA,0
2001,TTO,1
2001,TUN,1
2001,TUR,0
2001,TZA,0
2001,URY,1
2001,ZAF,0
2001,ZMB,0
2002,ALB,0
2002,AND,1
2002,ARG,0
2002,ATG,0
2002,AUT,1
2002,BEL,0
2002,BEN,0
2002,BGR,1
2002,BHR,0
2002,BOL,0
2002,BRA,0
2002,BRN,1
2002,BWA,0
2002,CHE,1
2002,CHL,0
2002,CHN,1
2002,CIV,0
2002,COG,0
2002,COK,0
2002,COL,0
2002,CRI,0
2002,CYP,1
2002,CZE,1
2002,DEU,1
2002,DNK,1
2002,DOM,0
2002,DZA,0
2002,ECU,1
2002,EGY,0
2002,ESP,1
2002,EST,1
2002,ETH,0
2002,EUN,1
2002,FIN,1
2002,FRA,0
2002,GBR,1
2002,GHA,0
2002,GIN,0
2002,GMB,1
2002,GRC,0
2002,GTM,0
2002,HRV,0
2002,HUN,0
2002,IDN,0
2002,IRL,0
2002,IRN,0
2002,ISL,0
2002,ITA,0
2002,JAM,0
2002,JOR,0
2002,KEN,0
2002,KNA,0
2002,KWT,0
2002,LBN,0
2002,LBR,0
2002,LCA,1
2002,LIE,0
2002,LKA,1
2002,LSO,0
2002,LTU,0
2002,LUX,1
2002,LVA,0
2002,MAR,0
2002,MCO,0
2002,MDA,0
2002,MDV,0
2002,MEX,0
2002,MKD,0
2002,MLT,0
2002,MNE,0
2002,MUS,0
2002,MWI,0
2002,MYS,1
2002,NAM,0
2002,NER,0
2002,NGA,0
2002,NIC,0
2002,NLD,1
2002,NOR,1
2002,OMN,0
2002,PAN,1
2002,PER,0
2002,POL,0
2002,PRT,1
2002,PRY,1
2002,QAT,1
2002,ROU,1
2002,SAU,0
2002,SLE,0
2002,SLV,0
2002,SRB,1
2002,SVK,1
2002,SVN,0
2002,SWE,1
2002,SYC,0
2002,SYR,0
2002,THA,0
2002,TTO,1
2002,TUN,1
2002,TUR,0
2002,TZA,1
2002,URY,1
2002,ZAF,0
2002,ZMB,0
2003,ALB,0
2003,AND,1
2003,ARG,0
2003,ATG,0
2003,AUT,1
2003,BEL,1
2003,BEN,0
2003,BGR,1
2003,BHR,0
2003,BOL,0
2003,BRA,0
2003,BRN,1
2003,BWA,0
2003,CHE,1
2003,CHL,0
2003,CHN,1
2003,CIV,0
2003,COG,0
2003,COK,0
2003,COL,0
2003,CRI,0
2003,CYP,1
2003,CZE,1
2003,DEU,1
2003,DNK,1
2003,DOM,0
2003,DZA,0
2003,ECU,1
2003,EGY,0
2003,ESP,1
2003,EST,1
2003,ETH,1
2003,EUN,1
2003,FIN,1
2003,FRA,1
2003,GBR,1
2003,GHA,0
2003,GIN,0
2003,GMB,1
2003,GRC,0
2003,GTM,0
2003,HRV,0
2003,HUN,0
2003,IDN,0
2003,IRL,0
2003,IRN,0
2003,ISL,0
2003,ITA,0
2003,JAM,0
2003,JOR,0
2003,KEN,0
2003,KNA,0
2003,KWT,0
2003,LBN,0
2003,LBR,0
2003,LCA,1
2003,LIE,1
2003,LKA,1
2003,LSO,0
2003,LTU,1
2003,LUX,1
2003,LVA,1
2003,MAR,0
2003,MCO,0
2003,MDA,0
2003,MDV,0
2003,MEX,0
2003,MKD,0
2003,MLT,0
2003,MNE,0
2003,MUS,0
2003,MWI,0
2003,MYS,1
2003,NAM,0
2003,NER,0
2003,NGA,0
2003,NIC,0
2003,NLD,1
2003,NOR,1
2003,OMN,0
2003,PAN,1
2003,PER,0
2003,POL,1
2003,PRT,1
2003,PRY,1
2003,QAT,1
2003,ROU,1
2003,SAU,0
2003,SLE,0
2003,SLV,0
2003,SRB,1
2003,SVK,1
2003,SVN,0
2003,SWE,1
2003,SYC,0
2003,SYR,0
2003,THA,0
2003,TTO,1
2003,TUN,1
2003,TUR,1
2003,TZA,1
2003,URY,1
2003,ZAF,0
2003,ZMB,0
2004,ALB,0
2004,AND,1
2004,ARG,0
2004,ATG,0
2004,AUT,1
2004,BEL,1
2004,BEN,0
2004,BGR,1
2004,BHR,0
2004,BOL,0
2004,BRA,0
2004,BRN,1
2004,BWA,1
2004,CHE,1
2004,CHL,0
2004,CHN,1
2004,CIV,0
2004,COG,0
2004,COK,1
2004,COL,0
2004,CRI,0
2004,CYP,1
2004,CZE,1
2004,DEU,1
2004,DNK,1
2004,DOM,0
2004,DZA,0
2004,ECU,1
2004,EGY,1
2004,ESP,1
2004,EST,1
2004,ETH,1
2004,EUN,1
2004,FIN,1
2004,FRA,1
2004,GBR,1
2004,GHA,0
2004,GIN,0
2004,GMB,1
2004,GRC,0
2004,GTM,0
2004,HRV,0
2004,HUN,1
2004,IDN,0
2004,IRL,0
2004,IRN,0
2004,ISL,0
2004,ITA,0
2004,JAM,0
2004,JOR,1
2004,KEN,0
2004,KNA,0
2004,KWT,0
2004,LBN,0
2004,LBR,0
2004,LCA,1
2004,LIE,1
2004,LKA,1
2004,LSO,0
2004,LTU,1
2004,LUX,1
2004,LVA,1
2004,MAR,1
2004,MCO,0
2004,MDA,0
2004,MDV,0
2004,MEX,0
2004,MKD,1
2004,MLT,0
2004,MNE,0
2004,MUS,1
2004,MWI,0
2004,MYS,1
2004,NAM,0
2004,NER,0
2004,NGA,1
2004,NIC,0
2004,NLD,1
2004,NOR,1
2004,OMN,1
2004,PAN,1
2004,PER,0
2004,POL,1
2004,PRT,1
2004,PRY,1
2004,QAT,1
2004,ROU,1
2004,SAU,0
2004,SLE,0
2004,SLV,0
2004,SRB,1
2004,SVK,1
2004,SVN,1
2004,SWE,1
2004,SYC,0
2004,SYR,1
2004,THA,0
2004,TTO,1
2004,TUN,1
2004,TUR,1
2004,TZA,1
2004,URY,1
2004,ZAF,0
2004,ZMB,0
2005,ALB,1
2005,AND,1
2005,ARG,0
2005,ATG,0
2005,AUT,1
2005,BEL,1
2005,BEN,0
2005,BGR,1
2005,BHR,1
2005,BOL,1
2005,BRA,0
2005,BRN,1
2005,BWA,1
2005,CHE,1
2005,CHL,0
2005,CHN,1
2005,CIV,0
2005,COG,0
2005,COK,1
2005,COL,0
2005,CRI,0
2005,CYP,1
2005,CZE,1
2005,DEU,1
2005,DNK,1
2005,DOM,0
2005,DZA,0
2005,ECU,1
2005,EGY,1
2005,ESP,1
2005,EST,1
2005,ETH,1
2005,EUN,1
2005,FIN,1
2005,FRA,1
2005,GBR,1
2005,GHA,1
2005,GIN,0
2005,GMB,1
2005,GRC,0
2005,GTM,0
2005,HRV,0
2005,HUN,1
2005,IDN,1
2005,IRL,0
2005,IRN,0
2005,ISL,0
2005,ITA,0
2005,JAM,0
2005,JOR,1
2005,KEN,0
2005,KNA,0
2005,KWT,0
2005,LBN,0
2005,LBR,1
2005,LCA,1
2005,LIE,1
2005,LKA,1
2005,LSO,0
2005,LTU,1
2005,LUX,1
2005,LVA,1
2005,MAR,1
2005,MCO,0
2005,MDA,0
2005,MDV,0
2005,MEX,0
2005,MKD,1
2005,MLT,0
2005,MNE,0
2005,MUS,1
2005,MWI,0
2005,MYS,1
2005,NAM,0
2005,NER,0
2005,NGA,1
2005,NIC,0
2005,NLD,1
2005,NOR,1
2005,OMN,1
2005,PAN,1
2005,PER,0
2005,POL,1
2005,PRT,1
2005,PRY,1
2005,QAT,1
2005,ROU,1
2005,SAU,0
2005,SLE,0
2005,SLV,0
2005,SRB,1
2005,SVK,1
2005,SVN,1
2005,SWE,1
2005,SYC,0
2005,SYR,1
2005,THA,0
2005,TTO,1
2005,TUN,1
2005,TUR,1
2005,TZA,1
2005,URY,1
2005,ZAF,0
2005,ZMB,0
2006,ALB,1
2006,AND,1
2006,ARG,0
2006,ATG,0
2006,AUT,1
2006,BEL,1
2006,BEN,0
2006,BGR,1
2006,BHR,1
2006,BOL,1
2006,BRA,0
2006,BRN,1
2006,BWA,1
2006,CHE,1
2006,CHL,0
2006,CHN,1
2006,CIV,0
2006,COG,0
2006,COK,1
2006,COL,0
2006,CRI,0
2006,CYP,1
2006,CZE,1
2006,DEU,1
2006,DNK,1
2006,DOM,0
2006,DZA,0
2006,ECU,1
2006,EGY,1
2006,ESP,1
2006,EST,1
2006,ETH,1
2006,EUN,1
2006,FIN,1
2006,FRA,1
2006,GBR,1
2006,GHA,1
2006,GIN,0
2006,GMB,1
2006,GRC,0
2006,GTM,0
2006,HRV,0
2006,HUN,1
2006,IDN,1
2006,IRL,0
2006,IRN,0
2006,ISL,0
2006,ITA,0
2006,JAM,0
2006,JOR,1
2006,KEN,0
2006,KNA,0
2006,KWT,1
2006,LBN,0
2006,LBR,1
2006,LCA,1
2006,LIE,1
2006,LKA,1
2006,LSO,0
2006,LTU,1
2006,LUX,1
2006,LVA,1
2006,MAR,1
2006,MCO,0
2006,MDA,0
2006,MDV,0
2006,MEX,0
2006,MKD,1
2006,MLT,0
2006,MNE,1
2006,MUS,1
2006,MWI,0
2006,MYS,1
2006,NAM,0
2006,NER,0
2006,NGA,1
2006,NIC,0
2006,NLD,1
2006,NOR,1
2006,OMN,1
2006,PAN,1
2006,PER,0
2006,POL,1
2006,PRT,1
2006,PRY,1
2006,QAT,1
2006,ROU,1
2006,SAU,0
2006,SLE,0
2006,SLV,0
2006,SRB,1
2006,SVK,1
2006,SVN,1
2006,SWE,1
2006,SYC,0
2006,SYR,1
2006,THA,0
2006,TTO,1
2006,TUN,1
2006,TUR,1
2006,TZA,1
2006,URY,1
2006,ZAF,0
2006,ZMB,0
2007,ALB,1
2007,AND,1
2007,ARG,0
2007,ATG,0
2007,AUT,1
2007,BEL,1
2007,BEN,0
2007,BGR,1
2007,BHR,1
2007,BOL,1
2007,BRA,0
2007,BRN,1
2007,BWA,1
2007,CHE,1
2007,CHL,0
2007,CHN,1
2007,CIV,0
2007,COG,0
2007,COK,1
2007,COL,0
2007,CRI,0
2007,CYP,1
2007,CZE,1
2007,DEU,1
2007,DNK,1
2007,DOM,0
2007,DZA,0
2007,ECU,1
2007,EGY,1
2007,ESP,1
2007,EST,1
2007,ETH,1
2007,EUN,1
2007,FIN,1
2007,FRA,1
2007,GBR,1
2007,GHA,1
2007,GIN,0
2007,GMB,1
2007,GRC,0
2007,GTM,0
2007,HRV,0
2007,HUN,1
2007,IDN,1
2007,IRL,0
2007,IRN,0
2007,ISL,0
2007,ITA,0
2007,JAM,0
2007,JOR,1
2007,KEN,0
2007,KNA,0
2007,KWT,1
2007,LBN,0
2007,LBR,1
2007,LCA,1
2007,LIE,1
2007,LKA,1
2007,LSO,0
2007,LTU,1
2007,LUX,1
2007,LVA,1
2007,MAR,1
2007,MCO,0
2007,MDA,0
2007,MDV,0
2007,MEX,0
2007,MKD,1
2007,MLT,0
2007,MNE,1
2007,MUS,1
2007,MWI,0
2007,MYS,1
2007,NAM,0
2007,NER,0
2007,NGA,1
2007,NIC,0
2007,NLD,1
2007,NOR,1
2007,OMN,1
2007,PAN,1
2007,PER,0
2007,POL,1
2007,PRT,1
2007,PRY,1
2007,QAT,1
2007,ROU,1
2007,SAU,0
2007,SLE,0
2007,SLV,0
2007,SRB,1
2007,SVK,1
2007,SVN,1
2007,SWE,1
2007,SYC,0
2007,SYR,1
2007,THA,0
2007,TTO,1
2007,TUN,1
2007,TUR,1
2007,TZA,1
2007,URY,1
2007,ZAF,0
2007,ZMB,0
2008,ALB,1
2008,AND,1
2008,ARG,0
2008,ATG,0
2008,AUT,1
2008,BEL,1
2008,BEN,0
2008,BGR,1
2008,BHR,1
2008,BOL,1
2008,BRA,0
2008,BRN,1
2008,BWA,1
2008,CHE,1
2008,CHL,0
2008,CHN,1
2008,CIV,0
2008,COG,0
2008,COK,1
2008,COL,0
2008,CRI,0
2008,CYP,1
2008,CZE,1
2008,DEU,1
2008,DNK,1
2008,DOM,0
2008,DZA,0
2008,ECU,1
2008,EGY,1
2008,ESP,1
2008,EST,1
2008,ETH,1
2008,EUN,1
2008,FIN,1
2008,FRA,1
2008,GBR,1
2008,GHA,1
2008,GIN,0
2008,GMB,1
2008,GRC,0
2008,GTM,0
2008,HRV,0
2008,HUN,1
2008,IDN,1
2008,IRL,0
2008,IRN,0
2008,ISL,0
2008,ITA,0
2008,JAM,0
2008,JOR,1
2008,KEN,0
2008,KNA,0
2008,KWT,1
2008,LBN,0
2008,LBR,1
2008,LCA,1
2008,LIE,1
2008,LKA,1
2008,LSO,0
2008,LTU,1
2008,LUX,1
2008,LVA,1
2008,MAR,1
2008,MCO,0
2008,MDA,1
2008,MDV,0
2008,MEX,0
2008,MKD,1
2008,MLT,0
2008,MNE,1
2008,MUS,1
2008,MWI,0
2008,MYS,1
2008,NAM,0
2008,NER,0
2008,NGA,1
2008,NIC,0
2008,NLD,1
2008,NOR,1
2008,OMN,1
2008,PAN,1
2008,PER,0
2008,POL,1
2008,PRT,1
2008,PRY,1
2008,QAT,1
2008,ROU,1
2008,SAU,0
2008,SLE,0
2008,SLV,0
2008,SRB,1
2008,SVK,1
2008,SVN,1
2008,SWE,1
2008,SYC,0
2008,SYR,1
2008,THA,0
2008,TTO,1
2008,TUN,1
2008,TUR,1
2008,TZA,1
2008,URY,1
2008,ZAF,0
2008,ZMB,0
2009,ALB,1
2009,AND,1
2009,ARG,0
2009,ATG,0
2009,AUT,1
2009,BEL,1
2009,BEN,0
2009,BGR,1
2009,BHR,1
2009,BOL,1
2009,BRA,0
2009,BRN,1
2009,BWA,1
2009,CHE,1
2009,CHL,1
2009,CHN,1
2009,CIV,0
2009,COG,0
2009,COK,1
2009,COL,0
2009,CRI,0
2009,CYP,1
2009,CZE,1
2009,DEU,1
2009,DNK,1
2009,DOM,0
2009,DZA,0
2009,ECU,1
2009,EGY,1
2009,ESP,1
2009,EST,1
2009,ETH,1
2009,EUN,1
2009,FIN,1
2009,FRA,1
2009,GBR,1
2009,GHA,1
2009,GIN,0
2009,GMB,1
2009,GRC,0
2009,GTM,0
2009,HRV,0
2009,HUN,1
2009,IDN,1
2009,IRL,1
2009,IRN,0
2009,ISL,0
2009,ITA,1
2009,JAM,0
2009,JOR,1
2009,KEN,1
2009,KNA,0
2009,KWT,1
2009,LBN,0
2009,LBR,1
2009,LCA,1
2009,LIE,1
2009,LKA,1
2009,LSO,0
2009,LTU,1
2009,LUX,1
2009,LVA,1
2009,MAR,1
2009,MCO,0
2009,MDA,1
2009,MDV,0
2009,MEX,0
2009,MKD,1
2009,MLT,0
2009,MNE,1
2009,MUS,1
2009,MWI,0
2009,MYS,1
2009,NAM,0
2009,NER,0
2009,NGA,1
2009,NIC,0
2009,NLD,1
2009,NOR,1
2009,OMN,1
2009,PAN,1
2009,PER,0
2009,POL,1
2009,PRT,1
2009,PRY,1
2009,QAT,1
2009,ROU,1
2009,SAU,0
2009,SLE,0
2009,SLV,0
2009,SRB,1
2009,SVK,1
2009,SVN,1
2009,SWE,1
2009,SYC,0
2009,SYR,1
2009,THA,0
2009,TTO,1
2009,TUN,1
2009,TUR,1
2009,TZA,1
2009,URY,1
2009,ZAF,0
2009,ZMB,0
2010,ALB,1
2010,AND,1
2010,ARG,0
2010,ATG,0
2010,AUT,1
2010,BEL,1
2010,BEN,0
2010,BGR,1
2010,BHR,1
2010,BOL,1
2010,BRA,0
2010,BRN,1
2010,BWA,1
2010,CHE,1
2010,CHL,1
2010,CHN,1
2010,CIV,0
2010,COG,0
2010,COK,1
2010,COL,0
2010,CRI,0
2010,CYP,1
2010,CZE,1
2010,DEU,1
2010,DNK,1
2010,DOM,0
2010,DZA,0
2010,ECU,1
2010,EGY,1
2010,ESP,1
2010,EST,1
2010,ETH,1
2010,EUN,1
2010,FIN,1
2010,FRA,1
2010,GBR,1
2010,GHA,1
2010,GIN,0
2010,GMB,1
2010,GRC,1
2010,GTM,0
2010,HRV,0
2010,HUN,1
2010,IDN,1
2010,IRL,1
2010,IRN,0
2010,ISL,0
2010,ITA,1
2010,JAM,0
2010,JOR,1
2010,KEN,1
2010,KNA,0
2010,KWT,1
2010,LBN,0
2010,LBR,1
2010,LCA,1
2010,LIE,1
2010,LKA,1
2010,LSO,0
2010,LTU,1
2010,LUX,1
2010,LVA,1
2010,MAR,1
2010,MCO,0
2010,MDA,1
2010,MDV,0
2010,MEX,0
2010,MKD,1
2010,MLT,0
2010,MNE,1
2010,MUS,1
2010,MWI,0
2010,MYS,1
2010,NAM,0
2010,NER,0
2010,NGA,1
2010,NIC,0
2010,NLD,1
2010,NOR,1
2010,OMN,1
2010,PAN,1
2010,PER,0
2010,POL,1
2010,PRT,1
2010,PRY,1
2010,QAT,1
2010,ROU,1
2010,SAU,0
2010,SLE,0
2010,SLV,0
2010,SRB,1
2010,SVK,1
2010,SVN,1
2010,SWE,1
2010,SYC,0
2010,SYR,1
2010,THA,0
2010,TTO,1
2010,TUN,1
2010,TUR,1
2010,TZA,1
2010,URY,1
2010,ZAF,0
2010,ZMB,0
2011,ALB,1
2011,AND,1
2011,ARG,1
2011,ATG,0
2011,AUT,1
2011,BEL,1
2011,BEN,0
2011,BGR,1
2011,BHR,1
2011,BOL,1
2011,BRA,0
2011,BRN,1
2011,BWA,1
2011,CHE,1
2011,CHL,1
2011,CHN,1
2011,CIV,0
2011,COG,0
2011,COK,1
2011,COL,0
2011,CRI,0
2011,CYP,1
2011,CZE,1
2011,DEU,1
2011,DNK,1
2011,DOM,0
2011,DZA,0
2011,ECU,1
2011,EGY,1
2011,ESP,1
2011,EST,1
2011,ETH,1
2011,EUN,1
2011,FIN,1
2011,FRA,1
2011,GBR,1
2011,GHA,1
2011,GIN,0
2011,GMB,1
2011,GRC,1
2011,GTM,0
2011,HRV,0
2011,HUN,1
2011,IDN,1
2011,IRL,1
2011,IRN,0
2011,ISL,0
2011,ITA,1
2011,JAM,0
2011,JOR,1
2011,KEN,1
2011,KNA,0
2011,KWT,1
2011,LBN,0
2011,LBR,1
2011,LCA,1
2011,LIE,1
2011,LKA,1
2011,LSO,0
2011,LTU,1
2011,LUX,1
2011,LVA,1
2011,MAR,1
2011,MCO,0
2011,MDA,1
2011,MDV,0
2011,MEX,0
2011,MKD,1
2011,MLT,1
2011,MNE,1
2011,MUS,1
2011,MWI,0
2011,MYS,1
2011,NAM,0
2011,NER,0
2011,NGA,1
2011,NIC,0
2011,NLD,1
2011,NOR,1
2011,OMN,1
2011,PAN,1
2011,PER,0
2011,POL,1
2011,PRT,1
2011,PRY,1
2011,QAT,1
2011,ROU,1
2011,SAU,0
2011,SLE,0
2011,SLV,0
2011,SRB,1
2011,SVK,1
2011,SVN,1
2011,SWE,1
2011,SYC,0
2011,SYR,1
2011,THA,0
2011,TTO,1
2011,TUN,1
2011,TUR,1
2011,TZA,1
2011,URY,1
2011,ZAF,0
2011,ZMB,1
2012,ALB,1
2012,AND,1
2012,ARG,1
2012,ATG,0
2012,AUT,1
2012,BEL,1
2012,BEN,0
2012,BGR,1
2012,BHR,1
2012,BOL,1
2012,BRA,0
2012,BRN,1
2012,BWA,1
2012,CHE,1
2012,CHL,1
2012,CHN,1
2012,CIV,0
2012,COG,0
2012,COK,1
2012,COL,0
2012,CRI,0
2012,CYP,1
2012,CZE,1
2012,DEU,1
2012,DNK,1
2012,DOM,0
2012,DZA,0
2012,ECU,1
2012,EGY,1
2012,ESP,1
2012,EST,1
2012,ETH,1
2012,EUN,1
2012,FIN,1
2012,FRA,1
2012,GBR,1
2012,GHA,1
2012,GIN,0
2012,GMB,1
2012,GRC,1
2012,GTM,0
2012,HRV,0
2012,HUN,1
2012,IDN,1
2012,IRL,1
2012,IRN,0
2012,ISL,0
2012,ITA,1
2012,JAM,0
2012,JOR,1
2012,KEN,1
2012,KNA,0
2012,KWT,1
2012,LBN,0
2012,LBR,1
2012,LCA,1
2012,LIE,1
2012,LKA,1
2012,LSO,1
2012,LTU,1
2012,LUX,1
2012,LVA,1
2012,MAR,1
2012,MCO,0
2012,MDA,1
2012,MDV,0
2012,MEX,0
2012,MKD,1
2012,MLT,1
2012,MNE,1
2012,MUS,1
2012,MWI,0
2012,MYS,1
2012,NAM,0
2012,NER,0
2012,NGA,1
2012,NIC,0
2012,NLD,1
2012,NOR,1
2012,OMN,1
2012,PAN,1
2012,PER,0
2012,POL,1
2012,PRT,1
2012,PRY,1
2012,QAT,1
2012,ROU,1
2012,SAU,0
2012,SLE,0
2012,SLV,0
2012,SRB,1
2012,SVK,1
2012,SVN,1
2012,SWE,1
2012,SYC,0
2012,SYR,1
2012,THA,0
2012,TTO,1
2012,TUN,1
2012,TUR,1
2012,TZA,1
2012,URY,1
2012,ZAF,0
2012,ZMB,1
2013,ALB,1
2013,AND,1
2013,ARG,1
2013,ATG,0
2013,AUT,1
2013,BEL,1
2013,BEN,0
2013,BGR,1
2013,BHR,1
2013,BOL,1
2013,BRA,0
2013,BRN,1
2013,BWA,1
2013,CHE,1
2013,CHL,1
2013,CHN,1
2013,CIV,1
2013,COG,0
2013,COK,1
2013,COL,0
2013,CRI,0
2013,CYP,1
2013,CZE,1
2013,DEU,1
2013,DNK,1
2013,DOM,0
2013,DZA,0
2013,ECU,1
2013,EGY,1
2013,ESP,1
2013,EST,1
2013,ETH,1
2013,EUN,1
2013,FIN,1
2013,FRA,1
2013,GBR,1
2013,GHA,1
2013,GIN,0
2013,GMB,1
2013,GRC,1
2013,GTM,1
2013,HRV,0
2013,HUN,1
2013,IDN,1
2013,IRL,1
2013,IRN,0
2013,ISL,0
2013,ITA,1
2013,JAM,0
2013,JOR,1
2013,KEN,1
2013,KNA,0
2013,KWT,1
2013,LBN,0
2013,LBR,1
2013,LCA,1
2013,LIE,1
2013,LKA,1
2013,LSO,1
2013,LTU,1
2013,LUX,1
2013,LVA,1
2013,MAR,1
2013,MCO,1
2013,MDA,1
2013,MDV,0
2013,MEX,0
2013,MKD,1
2013,MLT,1
2013,MNE,1
2013,MUS,1
2013,MWI,0
2013,MYS,1
2013,NAM,0
2013,NER,0
2013,NGA,1
2013,NIC,0
2013,NLD,1
2013,NOR,1
2013,OMN,1
2013,PAN,1
2013,PER,0
2013,POL,1
2013,PRT,1
2013,PRY,1
2013,QAT,1
2013,ROU,1
2013,SAU,1
2013,SLE,0
2013,SLV,0
2013,SRB,1
2013,SVK,1
2013,SVN,1
2013,SWE,1
2013,SYC,0
2013,SYR,1
2013,THA,0
2013,TTO,1
2013,TUN,1
2013,TUR,1
2013,TZA,1
2013,URY,1
2013,ZAF,0
2013,ZMB,1
2014,ALB,1
2014,AND,1
2014,ARG,1
2014,ATG,0
2014,AUT,1
2014,BEL,1
2014,BEN,1
2014,BGR,1
2014,BHR,1
2014,BOL,1
2014,BRA,0
2014,BRN,1
2014,BWA,1
2014,CHE,1
2014,CHL,1
2014,CHN,1
2014,CIV,1
2014,COG,1
2014,COK,1
2014,COL,1
2014,CRI,0
2014,CYP,1
2014,CZE,1
2014,DEU,1
2014,DNK,1
2014,DOM,0
2014,DZA,0
2014,ECU,1
2014,EGY,1
2014,ESP,1
2014,EST,1
2014,ETH,1
2014,EUN,1
2014,FIN,1
2014,FRA,1
2014,GBR,1
2014,GHA,1
2014,GIN,0
2014,GMB,1
2014,GRC,1
2014,GTM,1
2014,HRV,0
2014,HUN,1
2014,IDN,1
2014,IRL,1
2014,IRN,0
2014,ISL,0
2014,ITA,1
2014,JAM,0
2014,JOR,1
2014,KEN,1
2014,KNA,0
2014,KWT,1
2014,LBN,0
2014,LBR,1
2014,LCA,1
2014,LIE,1
2014,LKA,1
2014,LSO,1
2014,LTU,1
2014,LUX,1
2014,LVA,1
2014,MAR,1
2014,MCO,1
2014,MDA,1
2014,MDV,0
2014,MEX,0
2014,MKD,1
2014,MLT,1
2014,MNE,1
2014,MUS,1
2014,MWI,0
2014,MYS,1
2014,NAM,0
2014,NER,0
2014,NGA,1
2014,NIC,0
2014,NLD,1
2014,NOR,1
2014,OMN,1
2014,PAN,1
2014,PER,0
2014,POL,1
2014,PRT,1
2014,PRY,1
2014,QAT,1
2014,ROU,1
2014,SAU,1
2014,SLE,0
2014,SLV,0
2014,SRB,1
2014,SVK,1
2014,SVN,1
2014,SWE,1
2014,SYC,0
2014,SYR,1
2014,THA,0
2014,TTO,1
2014,TUN,1
2014,TUR,1
2014,TZA,1
2014,URY,1
2014,ZAF,0
2014,ZMB,1
2015,ALB,1
2015,AND,1
2015,ARG,1
2015,ATG,0
2015,AUT,1
2015,BEL,1
2015,BEN,1
2015,BGR,1
2015,BHR,1
2015,BOL,1
2015,BRA,0
2015,BRN,1
2015,BWA,1
2015,CHE,1
2015,CHL,1
2015,CHN,1
2015,CIV,1
2015,COG,1
2015,COK,1
2015,COL,1
2015,CRI,0
2015,CYP,1
2015,CZE,1
2015,DEU,1
2015,DNK,1
2015,DOM,0
2015,DZA,0
2015,ECU,1
2015,EGY,1
2015,ESP,1
2015,EST,1
2015,ETH,1
2015,EUN,1
2015,FIN,1
2015,FRA,1
2015,GBR,1
2015,GHA,1
2015,GIN,0
2015,GMB,1
2015,GRC,1
2015,GTM,1
2015,HRV,0
2015,HUN,1
2015,IDN,1
2015,IRL,1
2015,IRN,0
2015,ISL,0
2015,ITA,1
2015,JAM,1
2015,JOR,1
2015,KEN,1
2015,KNA,0
2015,KWT,1
2015,LBN,0
2015,LBR,1
2015,LCA,1
2015,LIE,1
2015,LKA,1
2015,LSO,1
2015,LTU,1
2015,LUX,1
2015,LVA,1
2015,MAR,1
2015,MCO,1
2015,MDA,1
2015,MDV,0
2015,MEX,0
2015,MKD,1
2015,MLT,1
2015,MNE,1
2015,MUS,1
2015,MWI,0
2015,MYS,1
2015,NAM,0
2015,NER,1
2015,NGA,1
2015,NIC,0
2015,NLD,1
2015,NOR,1
2015,OMN,1
2015,PAN,1
2015,PER,1
2015,POL,1
2015,PRT,1
2015,PRY,1
2015,QAT,1
2015,ROU,1
2015,SAU,1
2015,SLE,0
2015,SLV,1
2015,SRB,1
2015,SVK,1
2015,SVN,1
2015,SWE,1
2015,SYC,1
2015,SYR,1
2015,THA,0
2015,TTO,1
2015,TUN,1
2015,TUR,1
2015,TZA,1
2015,URY,1
2015,ZAF,0
2015,ZMB,1
2016,ALB,1
2016,AND,1
2016,ARG,1
2016,ATG,1
2016,AUT,1
2016,BEL,1
2016,BEN,1
2016,BGR,1
2016,BHR,1
2016,BOL,1
2016,BRA,0
2016,BRN,1
2016,BWA,1
2016,CHE,1
2016,CHL,1
2016,CHN,1
2016,CIV,1
2016,COG,1
2016,COK,1
2016,COL,1
2016,CRI,0
2016,CYP,1
2016,CZE,1
2016,DEU,1
2016,DNK,1
2016,DOM,0
2016,DZA,0
2016,ECU,1
2016,EGY,1
2016,ESP,1
2016,EST,1
2016,ETH,1
2016,EUN,1
2016,FIN,1
2016,FRA,1
2016,GBR,1
2016,GHA,1
2016,GIN,0
2016,GMB,1
2016,GRC,1
2016,GTM,1
2016,HRV,0
2016,HUN,1
2016,IDN,1
2016,IRL,1
2016,IRN,1
2016,ISL,0
2016,ITA,1
2016,JAM,1
2016,JOR,1
2016,KEN,1
2016,KNA,0
2016,KWT,1
2016,LBN,0
2016,LBR,1
2016,LCA,1
2016,LIE,1
2016,LKA,1
2016,LSO,1
2016,LTU,1
2016,LUX,1
2016,LVA,1
2016,MAR,1
2016,MCO,1
2016,MDA,1
2016,MDV,0
2016,MEX,0
2016,MKD,1
2016,MLT,1
2016,MNE,1
2016,MUS,1
2016,MWI,0
2016,MYS,1
2016,NAM,0
2016,NER,1
2016,NGA,1
2016,NIC,0
2016,NLD,1
2016,NOR,1
2016,OMN,1
2016,PAN,1
2016,PER,1
2016,POL,1
2016,PRT,1
2016,PRY,1
2016,QAT,1
2016,ROU,1
2016,SAU,1
2016,SLE,0
2016,SLV,1
2016,SRB,1
2016,SVK,1
2016,SVN,1
2016,SWE,1
2016,SYC,1
2016,SYR,1
2016,THA,0
2016,TTO,1
2016,TUN,1
2016,TUR,1
2016,TZA,1
2016,URY,1
2016,ZAF,1
2016,ZMB,1
2017,ALB,1
2017,AND,1
2017,ARG,1
2017,ATG,1
2017,AUT,1
2017,BEL,1
2017,BEN,1
2017,BGR,1
2017,BHR,1
2017,BOL,1
2017,BRA,0
2017,BRN,1
2017,BWA,1
2017,CHE,1
2017,CHL,1
2017,CHN,1
2017,CIV,1
2017,COG,1
2017,COK,1
2017,COL,1
2017,CRI,0
2017,CYP,1
2017,CZE,1
2017,DEU,1
2017,DNK,1
2017,DOM,0
2017,DZA,1
2017,ECU,1
2017,EGY,1
2017,ESP,1
2017,EST,1
2017,ETH,1
2017,EUN,1
2017,FIN,1
2017,FRA,1
2017,GBR,1
2017,GHA,1
2017,GIN,1
2017,GMB,1
2017,GRC,1
2017,GTM,1
2017,HRV,0
2017,HUN,1
2017,IDN,1
2017,IRL,1
2017,IRN,1
2017,ISL,0
2017,ITA,1
2017,JAM,1
2017,JOR,1
2017,KEN,1
2017,KNA,0
2017,KWT,1
2017,LBN,1
2017,LBR,1
2017,LCA,1
2017,LIE,1
2017,LKA,1
2017,LSO,1
2017,LTU,1
2017,LUX,1
2017,LVA,1
2017,MAR,1
2017,MCO,1
2017,MDA,1
2017,MDV,1
2017,MEX,0
2017,MKD,1
2017,MLT,1
2017,MNE,1
2017,MUS,1
2017,MWI,1
2017,MYS,1
2017,NAM,0
2017,NER,1
2017,NGA,1
2017,NIC,0
2017,NLD,1
2017,NOR,1
2017,OMN,1
2017,PAN,1
2017,PER,1
2017,POL,1
2017,PRT,1
2017,PRY,1
2017,QAT,1
2017,ROU,1
2017,SAU,1
2017,SLE,0
2017,SLV,1
2017,SRB,1
2017,SVK,1
2017,SVN,1
2017,SWE,1
2017,SYC,1
2017,SYR,1
2017,THA,0
2017,TTO,1
2017,TUN,1
2017,TUR,1
2017,TZA,1
2017,URY,1
2017,ZAF,1
2017,ZMB,1
2018,ALB,1
2018,AND,1
2018,ARG,1
2018,ATG,1
2018,AUT,1
2018,BEL,1
2018,BEN,1
2018,BGR,1
2018,BHR,1
2018,BOL,1
2018,BRA,0
2018,BRN,1
2018,BWA,1
2018,CHE,1
2018,CHL,1
2018,CHN,1
2018,CIV,1
2018,COG,1
2018,COK,1
2018,COL,1
2018,CRI,0
2018,CYP,1
2018,CZE,1
2018,DEU,1
2018,DNK,1
2018,DOM,0
2018,DZA,1
2018,ECU,1
2018,EGY,1
2018,ESP,1
2018,EST,1
2018,ETH,1
2018,EUN,1
2018,FIN,1
2018,FRA,1
2018,GBR,1
2018,GHA,1
2018,GIN,1
2018,GMB,1
2018,GRC,1
2018,GTM,1
2018,HRV,0
2018,HUN,1
2018,IDN,1
2018,IRL,1
2018,IRN,1
2018,ISL,1
2018,ITA,1
2018,JAM,1
2018,JOR,1
2018,KEN,1
2018,KNA,0
2018,KWT,1
2018,LBN,1
2018,LBR,1
2018,LCA,1
2018,LIE,1
2018,LKA,1
2018,LSO,1
2018,LTU,1
2018,LUX,1
2018,LVA,1
2018,MAR,1
2018,MCO,1
2018,MDA,1
2018,MDV,1
2018,MEX,0
2018,MKD,1
2018,MLT,1
2018,MNE,1
2018,MUS,1
2018,MWI,1
2018,MYS,1
2018,NAM,1
2018,NER,1
2018,NGA,1
2018,NIC,0
2018,NLD,1
2018,NOR,1
2018,OMN,1
2018,PAN,1
2018,PER,1
2018,POL,1
2018,PRT,1
2018,PRY,1
2018,QAT,1
2018,ROU,1
2018,SAU,1
2018,SLE,0
2018,SLV,1
2018,SRB,1
2018,SVK,1
2018,SVN,1
2018,SWE,1
2018,SYC,1
2018,SYR,1
2018,THA,0
2018,TTO,1
2018,TUN,1
2018,TUR,1
2018,TZA,1
2018,URY,1
2018,ZAF,1
2018,ZMB,1
2019,ALB,1
2019,AND,1
2019,ARG,1
2019,ATG,1
2019,AUT,1
2019,BEL,1
2019,BEN,1
2019,BGR,1
2019,BHR,1
2019,BOL,1
2019,BRA,0
2019,BRN,1
2019,BWA,1
2019,CHE,1
2019,CHL,1
2019,CHN,1
2019,CIV,1
2019,COG,1
2019,COK,1
2019,COL,1
2019,CRI,1
2019,CYP,1
2019,CZE,1
2019,DEU,1
2019,DNK,1
2019,DOM,0
2019,DZA,1
2019,ECU,1
2019,EGY,1
2019,ESP,1
2019,EST,1
2019,ETH,1
2019,EUN,1
2019,FIN,1
2019,FRA,1
2019,GBR,1
2019,GHA,1
2019,GIN,1
2019,GMB,1
2019,GRC,1
2019,GTM,1
2019,HRV,1
2019,HUN,1
2019,IDN,1
2019,IRL,1
2019,IRN,1
2019,ISL,1
2019,ITA,1
2019,JAM,1
2019,JOR,1
2019,KEN,1
2019,KNA,1
2019,KWT,1
2019,LBN,1
2019,LBR,1
2019,LCA,1
2019,LIE,1
2019,LKA,1
2019,LSO,1
2019,LTU,1
2019,LUX,1
2019,LVA,1
2019,MAR,1
2019,MCO,1
2019,MDA,1
2019,MDV,1
2019,MEX,0
2019,MKD,1
2019,MLT,1
2019,MNE,1
2019,MUS,1
2019,MWI,1
2019,MYS,1
2019,NAM,1
2019,NER,1
2019,NGA,1
2019,NIC,0
2019,NLD,1
2019,NOR,1
2019,OMN,1
2019,PAN,1
2019,PER,1
2019,POL,1
2019,PRT,1
2019,PRY,1
2019,QAT,1
2019,ROU,1
2019,SAU,1
2019,SLE,0
2019,SLV,1
2019,SRB,1
2019,SVK,1
2019,SVN,1
2019,SWE,1
2019,SYC,1
2019,SYR,1
2019,THA,0
2019,TTO,1
2019,TUN,1
2019,TUR,1
2019,TZA,1
2019,URY,1
2019,ZAF,1
2019,ZMB,1
2020,ALB,1
2020,AND,1
2020,ARG,1
2020,ATG,1
2020,AUT,1
2020,BEL,1
2020,BEN,1
2020,BGR,1
2020,BHR,1
2020,BOL,1
2020,BRA,0
2020,BRN,1
2020,BWA,1
2020,CHE,1
2020,CHL,1
2020,CHN,1
2020,CIV,1
2020,COG,1
2020,COK,1
2020,COL,1
2020,CRI,1
2020,CYP,1
2020,CZE,1
2020,DEU,1
2020,DNK,1
2020,DOM,0
2020,DZA,1
2020,ECU,1
2020,EGY,1
2020,ESP,1
2020,EST,1
2020,ETH,1
2020,EUN,1
2020,FIN,1
2020,FRA,1
2020,GBR,1
2020,GHA,1
2020,GIN,1
2020,GMB,1
2020,GRC,1
2020,GTM,1
2020,HRV,1
2020,HUN,1
2020,IDN,1
2020,IRL,1
2020,IRN,1
2020,ISL,1
2020,ITA,1
2020,JAM,1
2020,JOR,1
2020,KEN,1
2020,KNA,1
2020,KWT,1
2020,LBN,1
2020,LBR,1
2020,LCA,1
2020,LIE,1
2020,LKA,1
2020,LSO,1
2020,LTU,1
2020,LUX,1
2020,LVA,1
2020,MAR,1
2020,MCO,1
2020,MDA,1
2020,MDV,1
2020,MEX,0
2020,MKD,1
2020,MLT,1
2020,MNE,1
2020,MUS,1
2020,MWI,1
2020,MYS,1
2020,NAM,1
2020,NER,1
2020,NGA,1
2020,NIC,0
2020,NLD,1
2020,NOR,1
2020,OMN,1
2020,PAN,1
2020,PER,1
2020,POL,1
2020,PRT,1
2020,PRY,1
2020,QAT,1
2020,ROU,1
2020,SAU,1
2020,SLE,1
2020,SLV,1
2020,SRB,1
2020,SVK,1
2020,SVN,1
2020,SWE,1
2020,SYC,1
2020,SYR,1
2020,THA,0
2020,TTO,1
2020,TUN,1
2020,TUR,1
2020,TZA,1
2020,URY,1
2020,ZAF,1
2020,ZMB,1
2021,ALB,1
2021,AND,1
2021,ARG,1
2021,ATG,1
2021,AUT,1
2021,BEL,1
2021,BEN,1
2021,BGR,1
2021,BHR,1
2021,BOL,1
2021,BRA,0
2021,BRN,1
2021,BWA,1
2021,CHE,1
2021,CHL,1
2021,CHN,1
2021,CIV,1
2021,COG,1
2021,COK,1
2021,COL,1
2021,CRI,1
2021,CYP,1
2021,CZE,1
2021,DEU,1
2021,DNK,1
2021,DOM,0
2021,DZA,1
2021,ECU,1
2021,EGY,1
2021,ESP,1
2021,EST,1
2021,ETH,1
2021,EUN,1
2021,FIN,1
2021,FRA,1
2021,GBR,1
2021,GHA,1
2021,GIN,1
2021,GMB,1
2021,GRC,1
2021,GTM,1
2021,HRV,1
2021,HUN,1
2021,IDN,1
2021,IRL,1
2021,IRN,1
2021,ISL,1
2021,ITA,1
2021,JAM,1
2021,JOR,1
2021,KEN,1
2021,KNA,1
2021,KWT,1
2021,LBN,1
2021,LBR,1
2021,LCA,1
2021,LIE,1
2021,LKA,1
2021,LSO,1
2021,LTU,1
2021,LUX,1
2021,LVA,1
2021,MAR,1
2021,MCO,1
2021,MDA,1
2021,MDV,1
2021,MEX,0
2021,MKD,1
2021,MLT,1
2021,MNE,1
2021,MUS,1
2021,MWI,1
2021,MYS,1
2021,NAM,1
2021,NER,1
2021,NGA,1
2021,NIC,1
2021,NLD,1
2021,NOR,1
2021,OMN,1
2021,PAN,1
2021,PER,1
2021,POL,1
2021,PRT,1
2021,PRY,1
2021,QAT,1
2021,ROU,1
2021,SAU,1
2021,SLE,1
2021,SLV,1
2021,SRB,1
2021,SVK,1
2021,SVN,1
2021,SWE,1
2021,SYC,1
2021,SYR,1
2021,THA,0
2021,TTO,1
2021,TUN,1
2021,TUR,1
2021,TZA,1
2021,URY,1
2021,ZAF,1
2021,ZMB,1
2022,ALB,1
2022,AND,1
2022,ARG,1
2022,ATG,1
2022,AUT,1
2022,BEL,1
2022,BEN,1
2022,BGR,1
2022,BHR,1
2022,BOL,1
2022,BRA,0
2022,BRN,1
2022,BWA,1
2022,CHE,1
2022,CHL,1
2022,CHN,1
2022,CIV,1
2022,COG,1
2022,COK,1
2022,COL,1
2022,CRI,1
2022,CYP,1
2022,CZE,1
2022,DEU,1
2022,DNK,1
2022,DOM,0
2022,DZA,1
2022,ECU,1
2022,EGY,1
2022,ESP,1
2022,EST,1
2022,ETH,1
2022,EUN,1
2022,FIN,1
2022,FRA,1
2022,GBR,1
2022,GHA,1
2022,GIN,1
2022,GMB,1
2022,GRC,1
2022,GTM,1
2022,HRV,1
2022,HUN,1
2022,IDN,1
2022,IRL,1
2022,IRN,1
2022,ISL,1
2022,ITA,1
2022,JAM,1
2022,JOR,1
2022,KEN,1
2022,KNA,1
2022,KWT,1
2022,LBN,1
2022,LBR,1
2022,LCA,1
2022,LIE,1
2022,LKA,1
2022,LSO,1
2022,LTU,1
2022,LUX,1
2022,LVA,1
2022,MAR,1
2022,MCO,1
2022,MDA,1
2022,MDV,1
2022,MEX,1
2022,MKD,1
2022,MLT,1
2022,MNE,1
2022,MUS,1
2022,MWI,1
2022,MYS,1
2022,NAM,1
2022,NER,1
2022,NGA,1
2022,NIC,1
2022,NLD,1
2022,NOR,1
2022,OMN,1
2022,PAN,1
2022,PER,1
2022,POL,1
2022,PRT,1
2022,PRY,1
2022,QAT,1
2022,ROU,1
2022,SAU,1
2022,SLE,1
2022,SLV,1
2022,SRB,1
2022,SVK,1
2022,SVN,1
2022,SWE,1
2022,SYC,1
2022,SYR,1
2022,THA,0
2022,TTO,1
2022,TUN,1
2022,TUR,1
2022,TZA,1
2022,URY,1
2022,ZAF,1
2022,ZMB,1
2023,ALB,1
2023,AND,1
2023,ARG,1
2023,ATG,1
2023,AUT,1
2023,BEL,1
2023,BEN,1
2023,BGR,1
2023,BHR,1
2023,BOL,1
2023,BRA,1
2023,BRN,1
2023,BWA,1
2023,CHE,1
2023,CHL,1
2023,CHN,1
2023,CIV,1
2023,COG,1
2023,COK,1
2023,COL,1
2023,CRI,1
2023,CYP,1
2023,CZE,1
2023,DEU,1
2023,DNK,1
2023,DOM,0
2023,DZA,1
2023,ECU,1
2023,EGY,1
2023,ESP,1
2023,EST,1
2023,ETH,1
2023,EUN,1
2023,FIN,1
2023,FRA,1
2023,GBR,1
2023,GHA,1
2023,GIN,1
2023,GMB,1
2023,GRC,1
2023,GTM,1
2023,HRV,1
2023,HUN,1
2023,IDN,1
2023,IRL,1
2023,IRN,1
2023,ISL,1
2023,ITA,1
2023,JAM,1
2023,JOR,1
2023,KEN,1
2023,KNA,1
2023,KWT,1
2023,LBN,1
2023,LBR,1
2023,LCA,1
2023,LIE,1
2023,LKA,1
2023,LSO,1
2023,LTU,1
2023,LUX,1
2023,LVA,1
2023,MAR,1
2023,MCO,1
2023,MDA,1
2023,MDV,1
2023,MEX,1
2023,MKD,1
2023,MLT,1
2023,MNE,1
2023,MUS,1
2023,MWI,1
2023,MYS,1
2023,NAM,1
2023,NER,1
2023,NGA,1
2023,NIC,1
2023,NLD,1
2023,NOR,1
2023,OMN,1
2023,PAN,1
2023,PER,1
2023,POL,1
2023,PRT,1
2023,PRY,1
2023,QAT,1
2023,ROU,1
2023,SAU,1
2023,SLE,1
2023,SLV,1
2023,SRB,1
2023,SVK,1
2023,SVN,1
2023,SWE,1
2023,SYC,1
2023,SYR,1
2023,THA,1
2023,TTO,1
2023,TUN,1
2023,TUR,1
2023,TZA,1
2023,URY,1
2023,ZAF,1
2023,ZMB,1
2024,ALB,1
2024,AND,1
2024,ARG,1
2024,ATG,1
2024,AUT,1
2024,BEL,1
2024,BEN,1
2024,BGR,1
2024,BHR,1
2024,BOL,1
2024,BRA,1
2024,BRN,1
2024,BWA,1
2024,CHE,1
2024,CHL,1
2024,CHN,1
2024,CIV,1
2024,COG,1
2024,COK,1
2024,COL,1
2024,CRI,1
2024,CYP,1
2024,CZE,1
2024,DEU,1
2024,DNK,1
2024,DOM,1
2024,DZA,1
2024,ECU,1
2024,EGY,1
2024,ESP,1
2024,EST,1
2024,ETH,1
2024,EUN,1
2024,FIN,1
2024,FRA,1
2024,GBR,1
2024,GHA,1
2024,GIN,1
2024,GMB,1
2024,GRC,1
2024,GTM,1
2024,HRV,1
2024,HUN,1
2024,IDN,1
2024,IRL,1
2024,IRN,1
2024,ISL,1
2024,ITA,1
2024,JAM,1
2024,JOR,1
2024,KEN,1
2024,KNA,1
2024,KWT,1
2024,LBN,1
2024,LBR,1
2024,LCA,1
2024,LIE,1
2024,LKA,1
2024,LSO,1
2024,LTU,1
2024,LUX,1
2024,LVA,1
2024,MAR,1
2024,MCO,1
2024,MDA,1
2024,MDV,1
2024,MEX,1
2024,MKD,1
2024,MLT,1
2024,MNE,1
2024,MUS,1
2024,MWI,1
2024,MYS,1
2024,NAM,1
2024,NER,1
2024,NGA,1
2024,NIC,1
2024,NLD,1
2024,NOR,1
2024,OMN,1
2024,PAN,1
2024,PER,1
2024,POL,1
2024,PRT,1
2024,PRY,1
2024,QAT,1
2024,ROU,1
2024,SAU,1
2024,SLE,1
2024,SLV,1
2024,SRB,1
2024,SVK,1
2024,SVN,1
2024,SWE,1
2024,SYC,1
2024,SYR,1
2024,THA,1
2024,TTO,1
2024,TUN,1
2024,TUR,1
2024,TZA,1
2024,URY,1
2024,ZAF,1
2024,ZMB,1
