Year,Country,eu
1958,AUT,0
1958,BEL,1
1958,BGR,0
1958,CYP,0
1958,CZE,0
1958,DEU,1
1958,DNK,0
1958,ESP,0
1958,EST,0
1958,FIN,0
1958,FRA,1
1958,GBR,0
1958,GRC,0
1958,HRV,0
1958,HUN,0
1958,IRL,0
1958,ITA,1
1958,LTU,0
1958,LUX,1
1958,LVA,0
1958,MLT,0
1958,NLD,1
1958,POL,0
1958,PRT,0
1958,ROU,0
1958,SVK,0
1958,SVN,0
1958,SWE,0
1959,AUT,0
1959,BEL,1
1959,BGR,0
1959,CYP,0
1959,CZE,0
1959,DEU,1
1959,DNK,0
1959,ESP,0
1959,EST,0
1959,FIN,0
1959,FRA,1
1959,GBR,0
1959,GRC,0
1959,HRV,0
1959,HUN,0
1959,IRL,0
1959,ITA,1
1959,LTU,0
1959,LUX,1
1959,LVA,0
1959,MLT,0
1959,NLD,1
1959,POL,0
1959,PRT,0
1959,ROU,0
1959,SVK,0
1959,SVN,0
1959,SWE,0
1960,AUT,0
1960,BEL,1
1960,BGR,0
1960,CYP,0
1960,CZE,0
1960,DEU,1
1960,DNK,0
1960,ESP,0
1960,EST,0
1960,FIN,0
1960,FRA,1
1960,GBR,0
1960,GRC,0
1960,HRV,0
1960,HUN,0
1960,IRL,0
1960,ITA,1
1960,LTU,0
1960,LUX,1
1960,LVA,0
1960,MLT,0
1960,NLD,1
1960,POL,0
1960,PRT,0
1960,ROU,0
1960,SVK,0
1960,SVN,0
1960,SWE,0
1961,AUT,0
1961,BEL,1
1961,BGR,0
1961,CYP,0
1961,CZE,0
1961,DEU,1
1961,DNK,0
1961,ESP,0
1961,EST,0
1961,FIN,0
1961,FRA,1
1961,GBR,0
1961,GRC,0
1961,HRV,0
1961,HUN,0
1961,IRL,0
1961,ITA,1
1961,LTU,0
1961,LUX,1
1961,LVA,0
1961,MLT,0
1961,NLD,1
1961,POL,0
1961,PRT,0
1961,ROU,0
1961,SVK,0
1961,SVN,0
1961,SWE,0
1962,AUT,0
1962,BEL,1
1962,BGR,0
1962,CYP,0
1962,CZE,0
1962,DEU,1
1962,DNK,0
1962,ESP,0
1962,EST,0
1962,FIN,0
1962,FRA,1
1962,GBR,0
1962,GRC,0
1962,HRV,0
1962,HUN,0
1962,IRL,0
1962,ITA,1
1962,LTU,0
1962,LUX,1
1962,LVA,0
1962,MLT,0
1962,NLD,1
1962,POL,0
1962,PRT,0
1962,ROU,0
1962,SVK,0
1962,SVN,0
1962,SWE,0
1963,AUT,0
1963,BEL,1
1963,BGR,0
1963,CYP,0
1963,CZE,0
1963,DEU,1
1963,DNK,0
1963,ESP,0
1963,EST,0
1963,FIN,0
1963,FRA,1
1963,GBR,0
1963,GRC,0
1963,HRV,0
1963,HUN,0
1963,IRL,0
1963,ITA,1
1963,LTU,0
1963,LUX,1
1963,LVA,0
1963,MLT,0
1963,NLD,1
1963,POL,0
1963,PRT,0
1963,ROU,0
1963,SVK,0
1963,SVN,0
1963,SWE,0
1964,AUT,0
1964,BEL,1
1964,BGR,0
1964,CYP,0
1964,CZE,0
1964,DEU,1
1964,DNK,0
1964,ESP,0
1964,EST,0
1964,FIN,0
1964,FRA,1
1964,GBR,0
1964,GRC,0
1964,HRV,0
1964,HUN,0
1964,IRL,0
1964,ITA,1
1964,LTU,0
1964,LUX,1
1964,LVA,0
1964,MLT,0
1964,NLD,1
1964,POL,0
1964,PRT,0
1964,ROU,0
1964,SVK,0
1964,SVN,0
1964,SWE,0
1965,AUT,0
1965,BEL,1
1965,BGR,0
1965,CYP,0
1965,CZE,0
1965,DEU,1
1965,DNK,0
1965,ESP,0
1965,EST,0
1965,FIN,0
1965,FRA,1
1965,GBR,0
1965,GRC,0
1965,HRV,0
1965,HUN,0
1965,IRL,0
1965,ITA,1
1965,LTU,0
1965,LUX,1
1965,LVA,0
1965,MLT,0
1965,NLD,1
1965,POL,0
1965,PRT,0
1965,ROU,0
1965,SVK,0
1965,SVN,0
1965,SWE,0
1966,AUT,0
1966,BEL,1
1966,BGR,0
1966,CYP,0
1966,CZE,0
1966,DEU,1
1966,DNK,0
1966,ESP,0
1966,EST,0
1966,FIN,0
1966,FRA,1
1966,GBR,0
1966,GRC,0
1966,HRV,0
1966,HUN,0
1966,IRL,0
1966,ITA,1
1966,LTU,0
1966,LUX,1
1966,LVA,0
1966,MLT,0
1966,NLD,1
1966,POL,0
1966,PRT,0
1966,ROU,0
1966,SVK,0
1966,SVN,0
1966,SWE,0
1967,AUT,0
1967,BEL,1
1967,BGR,0
1967,CYP,0
1967,CZE,0
1967,DEU,1
1967,DNK,0
1967,ESP,0
1967,EST,0
1967,FIN,0
1967,FRA,1
1967,GBR,0
1967,GRC,0
1967,HRV,0
1967,HUN,0
1967,IRL,0
1967,ITA,1
1967,LTU,0
1967,LUX,1
1967,LVA,0
1967,MLT,0
1967,NLD,1
1967,POL,0
1967,PRT,0
1967,ROU,0
1967,SVK,0
1967,SVN,0
1967,SWE,0
1968,AUT,0
1968,BEL,1
1968,BGR,0
1968,CYP,0
1968,CZE,0
1968,DEU,1
1968,DNK,0
1968,ESP,0
1968,EST,0
1968,FIN,0
1968,FRA,1
1968,GBR,0
1968,GRC,0
1968,HRV,0
1968,HUN,0
1968,IRL,0
1968,ITA,1
1968,LTU,0
1968,LUX,1
1968,LVA,0
1968,MLT,0
1968,NLD,1
1968,POL,0
1968,PRT,0
1968,ROU,0
1968,SVK,0
1968,SVN,0
1968,SWE,0
1969,AUT,0
1969,BEL,1
1969,BGR,0
1969,CYP,0
1969,CZE,0
1969,DEU,1
1969,DNK,0
1969,ESP,0
1969,EST,0
1969,FIN,0
1969,FRA,1
1969,GBR,0
1969,GRC,0
1969,HRV,0
1969,HUN,0
1969,IRL,0
1969,ITA,1
1969,LTU,0
1969,LUX,1
1969,LVA,0
1969,MLT,0
1969,NLD,1
1969,POL,0
1969,PRT,0
1969,ROU,0
1969,SVK,0
1969,SVN,0
1969,SWE,0
1970,AUT,0
1970,BEL,1
1970,BGR,0
1970,CYP,0
1970,CZE,0
1970,DEU,1
1970,DNK,0
1970,ESP,0
1970,EST,0
1970,FIN,0
1970,FRA,1
1970,GBR,0
1970,GRC,0
1970,HRV,0
1970,HUN,0
1970,IRL,0
1970,ITA,1
1970,LTU,0
1970,LUX,1
1970,LVA,0
1970,MLT,0
1970,NLD,1
1970,POL,0
1970,PRT,0
1970,ROU,0
1970,SVK,0
1970,SVN,0
1970,SWE,0
1971,AUT,0
1971,BEL,1
1971,BGR,0
1971,CYP,0
1971,CZE,0
1971,DEU,1
1971,DNK,0
1971,ESP,0
1971,EST,0
1971,FIN,0
1971,FRA,1
1971,GBR,0
1971,GRC,0
1971,HRV,0
1971,HUN,0
1971,IRL,0
1971,ITA,1
1971,LTU,0
1971,LUX,1
1971,LVA,0
1971,MLT,0
1971,NLD,1
1971,POL,0
1971,PRT,0
1971,ROU,0
1971,SVK,0
1971,SVN,0
1971,SWE,0
1972,AUT,0
1972,BEL,1
1972,BGR,0
1972,CYP,0
1972,CZE,0
1972,DEU,1
1972,DNK,0
1972,ESP,0
1972,EST,0
1972,FIN,0
1972,FRA,1
1972,GBR,0
1972,GRC,0
1972,HRV,0
1972,HUN,0
1972,IRL,0
1972,ITA,1
1972,LTU,0
1972,LUX,1
1972,LVA,0
1972,MLT,0
1972,NLD,1
1972,POL,0
1972,PRT,0
1972,ROU,0
1972,SVK,0
1972,SVN,0
1972,SWE,0
1973,AUT,0
1973,BEL,1
1973,BGR,0
1973,CYP,0
1973,CZE,0
1973,DEU,1
1973,DNK,1
1973,ESP,0
1973,EST,0
1973,FIN,0
1973,FRA,1
1973,GBR,1
1973,GRC,0
1973,HRV,0
1973,HUN,0
1973,IRL,1
1973,ITA,1
1973,LTU,0
1973,LUX,1
1973,LVA,0
1973,MLT,0
1973,NLD,1
1973,POL,0
1973,PRT,0
1973,ROU,0
1973,SVK,0
1973,SVN,0
1973,SWE,0
1974,AUT,0
1974,BEL,1
1974,BGR,0
1974,CYP,0
1974,CZE,0
1974,DEU,1
1974,DNK,1
1974,ESP,0
1974,EST,0
1974,FIN,0
1974,FRA,1
1974,GBR,1
1974,GRC,0
1974,HRV,0
1974,HUN,0
1974,IRL,1
1974,ITA,1
1974,LTU,0
1974,LUX,1
1974,LVA,0
1974,MLT,0
1974,NLD,1
1974,POL,0
1974,PRT,0
1974,ROU,0
1974,SVK,0
1974,SVN,0
1974,SWE,0
1975,AUT,0
1975,BEL,1
1975,BGR,0
1975,CYP,0
1975,CZE,0
1975,DEU,1
1975,DNK,1
1975,ESP,0
1975,EST,0
1975,FIN,0
1975,FRA,1
1975,GBR,1
1975,GRC,0
1975,HRV,0
1975,HUN,0
1975,IRL,1
1975,ITA,1
1975,LTU,0
1975,LUX,1
1975,LVA,0
1975,MLT,0
1975,NLD,1
1975,POL,0
1975,PRT,0
1975,ROU,0
1975,SVK,0
1975,SVN,0
1975,SWE,0
1976,AUT,0
1976,BEL,1
1976,BGR,0
1976,CYP,0
1976,CZE,0
1976,DEU,1
1976,DNK,1
1976,ESP,0
1976,EST,0
1976,FIN,0
1976,FRA,1
1976,GBR,1
1976,GRC,0
1976,HRV,0
1976,HUN,0
1976,IRL,1
1976,ITA,1
1976,LTU,0
1976,LUX,1
1976,LVA,0
1976,MLT,0
1976,NLD,1
1976,POL,0
1976,PRT,0
1976,ROU,0
1976,SVK,0
1976,SVN,0
1976,SWE,0
1977,AUT,0
1977,BEL,1
1977,BGR,0
1977,CYP,0
1977,CZE,0
1977,DEU,1
1977,DNK,1
1977,ESP,0
1977,EST,0
1977,FIN,0
1977,FRA,1
1977,GBR,1
1977,GRC,0
1977,HRV,0
1977,HUN,0
1977,IRL,1
1977,ITA,1
1977,LTU,0
1977,LUX,1
1977,LVA,0
1977,MLT,0
1977,NLD,1
1977,POL,0
1977,PRT,0
1977,ROU,0
1977,SVK,0
1977,SVN,0
1977,SWE,0
1978,AUT,0
1978,BEL,1
1978,BGR,0
1978,CYP,0
1978,CZE,0
1978,DEU,1
1978,DNK,1
1978,ESP,0
1978,EST,0
1978,FIN,0
1978,FRA,1
1978,GBR,1
1978,GRC,0
1978,HRV,0
1978,HUN,0
1978,IRL,1
1978,ITA,1
1978,LTU,0
1978,LUX,1
1978,LVA,0
1978,MLT,0
1978,NLD,1
1978,POL,0
1978,PRT,0
1978,ROU,0
1978,SVK,0
1978,SVN,0
1978,SWE,0
1979,AUT,0
1979,BEL,1
1979,BGR,0
1979,CYP,0
1979,CZE,0
1979,DEU,1
1979,DNK,1
1979,ESP,0
1979,EST,0
1979,FIN,0
1979,FRA,1
1979,GBR,1
1979,GRC,0
1979,HRV,0
1979,HUN,0
1979,IRL,1
1979,ITA,1
1979,LTU,0
1979,LUX,1
1979,LVA,0
1979,MLT,0
1979,NLD,1
1979,POL,0
1979,PRT,0
1979,ROU,0
1979,SVK,0
1979,SVN,0
1979,SWE,0
1980,AUT,0
1980,BEL,1
1980,BGR,0
1980,CYP,0
1980,CZE,0
1980,DEU,1
1980,DNK,1
1980,ESP,0
1980,EST,0
1980,FIN,0
1980,FRA,1
1980,GBR,1
1980,GRC,0
1980,HRV,0
1980,HUN,0
1980,IRL,1
1980,ITA,1
1980,LTU,0
1980,LUX,1
1980,LVA,0
1980,MLT,0
1980,NLD,1
1980,POL,0
1980,PRT,0
1980,ROU,0
1980,SVK,0
1980,SVN,0
1980,SWE,0
1981,AUT,0
1981,BEL,1
1981,BGR,0
1981,CYP,0
1981,CZE,0
1981,DEU,1
1981,DNK,1
1981,ESP,0
1981,EST,0
1981,FIN,0
1981,FRA,1
1981,GBR,1
1981,GRC,1
1981,HRV,0
1981,HUN,0
1981,IRL,1
1981,ITA,1
1981,LTU,0
1981,LUX,1
1981,LVA,0
1981,MLT,0
1981,NLD,1
1981,POL,0
1981,PRT,0
1981,ROU,0
1981,SVK,0
1981,SVN,0
1981,SWE,0
1982,AUT,0
1982,BEL,1
1982,BGR,0
1982,CYP,0
1982,CZE,0
1982,DEU,1
1982,DNK,1
1982,ESP,0
1982,EST,0
1982,FIN,0
1982,FRA,1
1982,GBR,1
1982,GRC,1
1982,HRV,0
1982,HUN,0
1982,IRL,1
1982,ITA,1
1982,LTU,0
1982,LUX,1
1982,LVA,0
1982,MLT,0
1982,NLD,1
1982,POL,0
1982,PRT,0
1982,ROU,0
1982,SVK,0
1982,SVN,0
1982,SWE,0
1983,AUT,0
1983,BEL,1
1983,BGR,0
1983,CYP,0
1983,CZE,0
1983,DEU,1
1983,DNK,1
1983,ESP,0
1983,EST,0
1983,FIN,0
1983,FRA,1
1983,GBR,1
1983,GRC,1
1983,HRV,0
1983,HUN,0
1983,IRL,1
1983,ITA,1
1983,LTU,0
1983,LUX,1
1983,LVA,0
1983,MLT,0
1983,NLD,1
1983,POL,0
1983,PRT,0
1983,ROU,0
1983,SVK,0
1983,SVN,0
1983,SWE,0
1984,AUT,0
1984,BEL,1
1984,BGR,0
1984,CYP,0
1984,CZE,0
1984,DEU,1
1984,DNK,1
1984,ESP,0
1984,EST,0
1984,FIN,0
1984,FRA,1
1984,GBR,1
1984,GRC,1
1984,HRV,0
1984,HUN,0
1984,IRL,1
1984,ITA,1
1984,LTU,0
1984,LUX,1
1984,LVA,0
1984,MLT,0
1984,NLD,1
1984,POL,0
1984,PRT,0
1984,ROU,0
1984,SVK,0
1984,SVN,0
1984,SWE,0
1985,AUT,0
1985,BEL,1
1985,BGR,0
1985,CYP,0
1985,CZE,0
1985,DEU,1
1985,DNK,1
1985,ESP,0
1985,EST,0
1985,FIN,0
1985,FRA,1
1985,GBR,1
1985,GRC,1
1985,HRV,0
1985,HUN,0
1985,IRL,1
1985,ITA,1
1985,LTU,0
1985,LUX,1
1985,LVA,0
1985,MLT,0
1985,NLD,1
1985,POL,0
1985,PRT,0
1985,ROU,0
1985,SVK,0
1985,SVN,0
1985,SWE,0
1986,AUT,0
1986,BEL,1
1986,BGR,0
1986,CYP,0
1986,CZE,0
1986,DEU,1
1986,DNK,1
1986,ESP,1
1986,EST,0
1986,FIN,0
1986,FRA,1
1986,GBR,1
1986,GRC,1
1986,HRV,0
1986,HUN,0
1986,IRL,1
1986,ITA,1
1986,LTU,0
1986,LUX,1
1986,LVA,0
1986,MLT,0
1986,NLD,1
1986,POL,0
1986,PRT,1
1986,ROU,0
1986,SVK,0
1986,SVN,0
1986,SWE,0
1987,AUT,0
1987,BEL,1
1987,BGR,0
1987,CYP,0
1987,CZE,0
1987,DEU,1
1987,DNK,1
1987,ESP,1
1987,EST,0
1987,FIN,0
1987,FRA,1
1987,GBR,1
1987,GRC,1
1987,HRV,0
1987,HUN,0
1987,IRL,1
1987,ITA,1
1987,LTU,0
1987,LUX,1
1987,LVA,0
1987,MLT,0
1987,NLD,1
1987,POL,0
1987,PRT,1
1987,ROU,0
1987,SVK,0
1987,SVN,0
1987,SWE,0
1988,AUT,0
1988,BEL,1
1988,BGR,0
1988,CYP,0
1988,CZE,0
1988,DEU,1
1988,DNK,1
1988,ESP,1
1988,EST,0
1988,FIN,0
1988,FRA,1
1988,GBR,1
1988,GRC,1
1988,HRV,0
1988,HUN,0
1988,IRL,1
1988,ITA,1
1988,LTU,0
1988,LUX,1
1988,LVA,0
1988,MLT,0
1988,NLD,1
1988,POL,0
1988,PRT,1
1988,ROU,0
1988,SVK,0
1988,SVN,0
1988,SWE,0
1989,AUT,0
1989,BEL,1
1989,BGR,0
1989,CYP,0
1989,CZE,0
1989,DEU,1
1989,DNK,1
1989,ESP,1
1989,EST,0
1989,FIN,0
1989,FRA,1
1989,GBR,1
1989,GRC,1
1989,HRV,0
1989,HUN,0
1989,IRL,1
1989,ITA,1
1989,LTU,0
1989,LUX,1
1989,LVA,0
1989,MLT,0
1989,NLD,1
1989,POL,0
1989,PRT,1
1989,ROU,0
1989,SVK,0
1989,SVN,0
1989,SWE,0
1990,AUT,0
1990,BEL,1
1990,BGR,0
1990,CYP,0
1990,CZE,0
1990,DEU,1
1990,DNK,1
1990,ESP,1
1990,EST,0
1990,FIN,0
1990,FRA,1
1990,GBR,1
1990,GRC,1
1990,HRV,0
1990,HUN,0
1990,IRL,1
1990,ITA,1
1990,LTU,0
1990,LUX,1
1990,LVA,0
1990,MLT,0
1990,NLD,1
1990,POL,0
1990,PRT,1
1990,ROU,0
1990,SVK,0
1990,SVN,0
1990,SWE,0
1991,AUT,0
1991,BEL,1
1991,BGR,0
1991,CYP,0
1991,CZE,0
1991,DEU,1
1991,DNK,1
1991,ESP,1
1991,EST,0
1991,FIN,0
1991,FRA,1
1991,GBR,1
1991,GRC,1
1991,HRV,0
1991,HUN,0
1991,IRL,1
1991,ITA,1
1991,LTU,0
1991,LUX,1
1991,LVA,0
1991,MLT,0
1991,NLD,1
1991,POL,0
1991,PRT,1
1991,ROU,0
1991,SVK,0
1991,SVN,0
1991,SWE,0
1992,AUT,0
1992,BEL,1
1992,BGR,0
1992,CYP,0
1992,CZE,0
1992,DEU,1
1992,DNK,1
1992,ESP,1
1992,EST,0
1992,FIN,0
1992,FRA,1
1992,GBR,1
1992,GRC,1
1992,HRV,0
1992,HUN,0
1992,IRL,1
1992,ITA,1
1992,LTU,0
1992,LUX,1
1992,LVA,0
1992,MLT,0
1992,NLD,1
1992,POL,0
1992,PRT,1
1992,ROU,0
1992,SVK,0
1992,SVN,0
1992,SWE,0
1993,AUT,0
1993,BEL,1
1993,BGR,0
1993,CYP,0
1993,CZE,0
1993,DEU,1
1993,DNK,1
1993,ESP,1
1993,EST,0
1993,FIN,0
1993,FRA,1
1993,GBR,1
1993,GRC,1
1993,HRV,0
1993,HUN,0
1993,IRL,1
1993,ITA,1
1993,LTU,0
1993,LUX,1
1993,LVA,0
1993,MLT,0
1993,NLD,1
1993,POL,0
1993,PRT,1
1993,ROU,0
1993,SVK,0
1993,SVN,0
1993,SWE,0
1994,AUT,0
1994,BEL,1
1994,BGR,0
1994,CYP,0
1994,CZE,0
1994,DEU,1
1994,DNK,1
1994,ESP,1
1994,EST,0
1994,FIN,0
1994,FRA,1
1994,GBR,1
1994,GRC,1
1994,HRV,0
1994,HUN,0
1994,IRL,1
1994,ITA,1
1994,LTU,0
1994,LUX,1
1994,LVA,0
1994,MLT,0
1994,NLD,1
1994,POL,0
1994,PRT,1
1994,ROU,0
1994,SVK,0
1994,SVN,0
1994,SWE,0
1995,AUT,1
1995,BEL,1
1995,BGR,0
1995,CYP,0
1995,CZE,0
1995,DEU,1
1995,DNK,1
1995,ESP,1
1995,EST,0
1995,FIN,1
1995,FRA,1
1995,GBR,1
1995,GRC,1
1995,HRV,0
1995,HUN,0
1995,IRL,1
1995,ITA,1
1995,LTU,0
1995,LUX,1
1995,LVA,0
1995,MLT,0
1995,NLD,1
1995,POL,0
1995,PRT,1
1995,ROU,0
1995,SVK,0
1995,SVN,0
1995,SWE,1
1996,AUT,1
1996,BEL,1
1996,BGR,0
1996,CYP,0
1996,CZE,0
1996,DEU,1
1996,DNK,1
1996,ESP,1
1996,EST,0
1996,FIN,1
1996,FRA,1
1996,GBR,1
1996,GRC,1
1996,HRV,0
1996,HUN,0
1996,IRL,1
1996,ITA,1
1996,LTU,0
1996,LUX,1
1996,LVA,0
1996,MLT,0
1996,NLD,1
1996,POL,0
1996,PRT,1
1996,ROU,0
1996,SVK,0
1996,SVN,0
1996,SWE,1
1997,AUT,1
1997,BEL,1
1997,BGR,0
1997,CYP,0
1997,CZE,0
1997,DEU,1
1997,DNK,1
1997,ESP,1
1997,EST,0
1997,FIN,1
1997,FRA,1
1997,GBR,1
1997,GRC,1
1997,HRV,0
1997,HUN,0
1997,IRL,1
1997,ITA,1
1997,LTU,0
1997,LUX,1
1997,LVA,0
1997,MLT,0
1997,NLD,1
1997,POL,0
1997,PRT,1
1997,ROU,0
1997,SVK,0
1997,SVN,0
1997,SWE,1
1998,AUT,1
1998,BEL,1
1998,BGR,0
1998,CYP,0
1998,CZE,0
1998,DEU,1
1998,DNK,1
1998,ESP,1
1998,EST,0
1998,FIN,1
1998,FRA,1
1998,GBR,1
1998,GRC,1
1998,HRV,0
1998,HUN,0
1998,IRL,1
1998,ITA,1
1998,LTU,0
1998,LUX,1
1998,LVA,0
1998,MLT,0
1998,NLD,1
1998,POL,0
1998,PRT,1
1998,ROU,0
1998,SVK,0
1998,SVN,0
1998,SWE,1
1999,AUT,1
1999,BEL,1
1999,BGR,0
1999,CYP,0
1999,CZE,0
1999,DEU,1
1999,DNK,1
1999,ESP,1
1999,EST,0
1999,FIN,1
1999,FRA,1
1999,GBR,1
1999,GRC,1
1999,HRV,0
1999,HUN,0
1999,IRL,1
1999,ITA,1
1999,LTU,0
1999,LUX,1
1999,LVA,0
1999,MLT,0
1999,NLD,1
1999,POL,0
1999,PRT,1
1999,ROU,0
1999,SVK,0
1999,SVN,0
1999,SWE,1
2000,AUT,1
2000,BEL,1
2000,BGR,0
2000,CYP,0
2000,CZE,0
2000,DEU,1
2000,DNK,1
2000,ESP,1
2000,EST,0
2000,FIN,1
2000,FRA,1
2000,GBR,1
2000,GRC,1
2000,HRV,0
2000,HUN,0
2000,IRL,1
2000,ITA,1
2000,LTU,0
2000,LUX,1
2000,LVA,0
2000,MLT,0
2000,NLD,1
2000,POL,0
2000,PRT,1
2000,ROU,0
2000,SVK,0
2000,SVN,0
2000,SWE,1
2001,AUT,1
2001,BEL,1
2001,BGR,0
2001,CYP,0
2001,CZE,0
2001,DEU,1
2001,DNK,1
2001,ESP,1
2001,EST,0
2001,FIN,1
2001,FRA,1
2001,GBR,1
2001,GRC,1
2001,HRV,0
2001,HUN,0
2001,IRL,1
2001,ITA,1
2001,LTU,0
2001,LUX,1
2001,LVA,0
2001,MLT,0
2001,NLD,1
2001,POL,0
2001,PRT,1
2001,ROU,0
2001,SVK,0
2001,SVN,0
2001,SWE,1
2002,AUT,1
2002,BEL,1
2002,BGR,0
2002,CYP,0
2002,CZE,0
2002,DEU,1
2002,DNK,1
2002,ESP,1
2002,EST,0
2002,FIN,1
2002,FRA,1
2002,GBR,1
2002,GRC,1
2002,HRV,0
2002,HUN,0
2002,IRL,1
2002,ITA,1
2002,LTU,0
2002,LUX,1
2002,LVA,0
2002,MLT,0
2002,NLD,1
2002,POL,0
2002,PRT,1
2002,ROU,0
2002,SVK,0
2002,SVN,0
2002,SWE,1
2003,AUT,1
2003,BEL,1
2003,BGR,0
2003,CYP,0
2003,CZE,0
2003,DEU,1
2003,DNK,1
2003,ESP,1
2003,EST,0
2003,FIN,1
2003,FRA,1
2003,GBR,1
2003,GRC,1
2003,HRV,0
2003,HUN,0
2003,IRL,1
2003,ITA,1
2003,LTU,0
2003,LUX,1
2003,LVA,0
2003,MLT,0
2003,NLD,1
2003,POL,0
2003,PRT,1
2003,ROU,0
2003,SVK,0
2003,SVN,0
2003,SWE,1
2004,AUT,1
2004,BEL,1
2004,BGR,0
2004,CYP,1
2004,CZE,1
2004,DEU,1
2004,DNK,1
2004,ESP,1
2004,EST,1
2004,FIN,1
2004,FRA,1
2004,GBR,1
2004,GRC,1
2004,HRV,0
2004,HUN,1
2004,IRL,1
2004,ITA,1
2004,LTU,1
2004,LUX,1
2004,LVA,1
2004,MLT,1
2004,NLD,1
2004,POL,1
2004,PRT,1
2004,ROU,0
2004,SVK,1
2004,SVN,1
2004,SWE,1
2005,AUT,1
2005,BEL,1
2005,BGR,0
2005,CYP,1
2005,CZE,1
2005,DEU,1
2005,DNK,1
2005,ESP,1
2005,EST,1
2005,FIN,1
2005,FRA,1
2005,GBR,1
2005,GRC,1
2005,HRV,0
2005,HUN,1
2005,IRL,1
2005,ITA,1
2005,LTU,1
2005,LUX,1
2005,LVA,1
2005,MLT,1
2005,NLD,1
2005,POL,1
2005,PRT,1
2005,ROU,0
2005,SVK,1
2005,SVN,1
2005,SWE,1
2006,AUT,1
2006,BEL,1
2006,BGR,0
2006,CYP,1
2006,CZE,1
2006,DEU,1
2006,DNK,1
2006,ESP,1
2006,EST,1
2006,FIN,1
2006,FRA,1
2006,GBR,1
2006,GRC,1
2006,HRV,0
2006,HUN,1
2006,IRL,1
2006,ITA,1
2006,LTU,1
2006,LUX,1
2006,LVA,1
2006,MLT,1
2006,NLD,1
2006,POL,1
2006,PRT,1
2006,ROU,0
2006,SVK,1
2006,SVN,1
2006,SWE,1
2007,AUT,1
2007,BEL,1
2007,BGR,1
2007,CYP,1
2007,CZE,1
2007,DEU,1
2007,DNK,1
2007,ESP,1
2007,EST,1
2007,FIN,1
2007,FRA,1
2007,GBR,1
2007,GRC,1
2007,HRV,0
2007,HUN,1
2007,IRL,1
2007,ITA,1
2007,LTU,1
2007,LUX,1
2007,LVA,1
2007,MLT,1
2007,NLD,1
2007,POL,1
2007,PRT,1
2007,ROU,1
2007,SVK,1
2007,SVN,1
2007,SWE,1
2008,AUT,1
2008,BEL,1
2008,BGR,1
2008,CYP,1
2008,CZE,1
2008,DEU,1
2008,DNK,1
2008,ESP,1
2008,EST,1
2008,FIN,1
2008,FRA,1
2008,GBR,1
2008,GRC,1
2008,HRV,0
2008,HUN,1
2008,IRL,1
2008,ITA,1
2008,LTU,1
2008,LUX,1
2008,LVA,1
2008,MLT,1
2008,NLD,1
2008,POL,1
2008,PRT,1
2008,ROU,1
2008,SVK,1
2008,SVN,1
2008,SWE,1
2009,AUT,1
2009,BEL,1
2009,BGR,1
2009,CYP,1
2009,CZE,1
2009,DEU,1
2009,DNK,1
2009,ESP,1
2009,EST,1
2009,FIN,1
2009,FRA,1
2009,GBR,1
2009,GRC,1
2009,HRV,0
2009,HUN,1
2009,IRL,1
2009,ITA,1
2009,LTU,1
2009,LUX,1
2009,LVA,1
2009,MLT,1
2009,NLD,1
2009,POL,1
2009,PRT,1
2009,ROU,1
2009,SVK,1
2009,SVN,1
2009,SWE,1
2010,AUT,1
2010,BEL,1
2010,BGR,1
2010,CYP,1
2010,CZE,1
2010,DEU,1
2010,DNK,1
2010,ESP,1
2010,EST,1
2010,FIN,1
2010,FRA,1
2010,GBR,1
2010,GRC,1
2010,HRV,0
2010,HUN,1
2010,IRL,1
2010,ITA,1
2010,LTU,1
2010,LUX,1
2010,LVA,1
2010,MLT,1
2010,NLD,1
2010,POL,1
2010,PRT,1
2010,ROU,1
2010,SVK,1
2010,SVN,1
2010,SWE,1
2011,AUT,1
2011,BEL,1
2011,BGR,1
2011,CYP,1
2011,CZE,1
2011,DEU,1
2011,DNK,1
2011,ESP,1
2011,EST,1
2011,FIN,1
2011,FRA,1
2011,GBR,1
2011,GRC,1
2011,HRV,0
2011,HUN,1
2011,IRL,1
2011,ITA,1
2011,LTU,1
2011,LUX,1
2011,LVA,1
2011,MLT,1
2011,NLD,1
2011,POL,1
2011,PRT,1
2011,ROU,1
2011,SVK,1
2011,SVN,1
2011,SWE,1
2012,AUT,1
2012,BEL,1
2012,BGR,1
2012,CYP,1
2012,CZE,1
2012,DEU,1
2012,DNK,1
2012,ESP,1
2012,EST,1
2012,FIN,1
2012,FRA,1
2012,GBR,1
2012,GRC,1
2012,HRV,0
2012,HUN,1
2012,IRL,1
2012,ITA,1
2012,LTU,1
2012,LUX,1
2012,LVA,1
2012,MLT,1
2012,NLD,1
2012,POL,1
2012,PRT,1
2012,ROU,1
2012,SVK,1
2012,SVN,1
2012,SWE,1
2013,AUT,1
2013,BEL,1
2013,BGR,1
2013,CYP,1
2013,CZE,1
2013,DEU,1
2013,DNK,1
2013,ESP,1
2013,EST,1
2013,FIN,1
2013,FRA,1
2013,GBR,1
2013,GRC,1
2013,HRV,1
2013,HUN,1
2013,IRL,1
2013,ITA,1
2013,LTU,1
2013,LUX,1
2013,LVA,1
2013,MLT,1
2013,NLD,1
2013,POL,1
2013,PRT,1
2013,ROU,1
2013,SVK,1
2013,SVN,1
2013,SWE,1
2014,AUT,1
2014,BEL,1
2014,BGR,1
2014,CYP,1
2014,CZE,1
2014,DEU,1
2014,DNK,1
2014,ESP,1
2014,EST,1
2014,FIN,1
2014,FRA,1
2014,GBR,1
2014,GRC,1
2014,HRV,1
2014,HUN,1
2014,IRL,1
2014,ITA,1
2014,LTU,1
2014,LUX,1
2014,LVA,1
2014,MLT,1
2014,NLD,1
2014,POL,1
2014,PRT,1
2014,ROU,1
2014,SVK,1
2014,SVN,1
2014,SWE,1
2015,AUT,1
2015,BEL,1
2015,BGR,1
2015,CYP,1
2015,CZE,1
2015,DEU,1
2015,DNK,1
2015,ESP,1
2015,EST,1
2015,FIN,1
2015,FRA,1
2015,GBR,1
2015,GRC,1
2015,HRV,1
2015,HUN,1
2015,IRL,1
2015,ITA,1
2015,LTU,1
2015,LUX,1
2015,LVA,1
2015,MLT,1
2015,NLD,1
2015,POL,1
2015,PRT,1
2015,ROU,1
2015,SVK,1
2015,SVN,1
2015,SWE,1
2016,AUT,1
2016,BEL,1
2016,BGR,1
2016,CYP,1
2016,CZE,1
2016,DEU,1
2016,DNK,1
2016,ESP,1
2016,EST,1
2016,FIN,1
2016,FRA,1
2016,GBR,1
2016,GRC,1
2016,HRV,1
2016,HUN,1
2016,IRL,1
2016,ITA,1
2016,LTU,1
2016,LUX,1
2016,LVA,1
2016,MLT,1
2016,NLD,1
2016,POL,1
2016,PRT,1
2016,ROU,1
2016,SVK,1
2016,SVN,1
2016,SWE,1
2017,AUT,1
2017,BEL,1
2017,BGR,1
2017,CYP,1
2017,CZE,1
2017,DEU,1
2017,DNK,1
2017,ESP,1
2017,EST,1
2017,FIN,1
2017,FRA,1
2017,GBR,1
2017,GRC,1
2017,HRV,1
2017,HUN,1
2017,IRL,1
2017,ITA,1
2017,LTU,1
2017,LUX,1
2017,LVA,1
2017,MLT,1
2017,NLD,1
2017,POL,1
2017,PRT,1
2017,ROU,1
2017,SVK,1
2017,SVN,1
2017,SWE,1
2018,AUT,1
2018,BEL,1
2018,BGR,1
2018,CYP,1
2018,CZE,1
2018,DEU,1
2018,DNK,1
2018,ESP,1
2018,EST,1
2018,FIN,1
2018,FRA,1
2018,GBR,1
2018,GRC,1
2018,HRV,1
2018,HUN,1
2018,IRL,1
2018,ITA,1
2018,LTU,1
2018,LUX,1
2018,LVA,1
2018,MLT,1
2018,NLD,1
2018,POL,1
2018,PRT,1
2018,ROU,1
2018,SVK,1
2018,SVN,1
2018,SWE,1
2019,AUT,1
2019,BEL,1
2019,BGR,1
2019,CYP,1
2019,CZE,1
2019,DEU,1
2019,DNK,1
2019,ESP,1
2019,EST,1
2019,FIN,1
2019,FRA,1
2019,GBR,1
2019,GRC,1
2019,HRV,1
2019,HUN,1
2019,IRL,1
2019,ITA,1
2019,LTU,1
2019,LUX,1
2019,LVA,1
2019,MLT,1
2019,NLD,1
2019,POL,1
2019,PRT,1
2019,ROU,1
2019,SVK,1
2019,SVN,1
2019,SWE,1
2020,AUT,1
2020,BEL,1
2020,BGR,1
2020,CYP,1
2020,CZE,1
2020,DEU,1
2020,DNK,1
2020,ESP,1
2020,EST,1
2020,FIN,1
2020,FRA,1
2020,GBR,1
2020,GRC,1
2020,HRV,1
2020,HUN,1
2020,IRL,1
2020,ITA,1
2020,LTU,1
2020,LUX,1
2020,LVA,1
2020,MLT,1
2020,NLD,1
2020,POL,1
2020,PRT,1
2020,ROU,1
2020,SVK,1
2020,SVN,1
2020,SWE,1
2021,AUT,1
2021,BEL,1
2021,BGR,1
2021,CYP,1
2021,CZE,1
2021,DEU,1
2021,DNK,1
2021,ESP,1
2021,EST,1
2021,FIN,1
2021,FRA,1
2021,GBR,1
2021,GRC,1
2021,HRV,1
2021,HUN,1
2021,IRL,1
2021,ITA,1
2021,LTU,1
2021,LUX,1
2021,LVA,1
2021,MLT,1
2021,NLD,1
2021,POL,1
2021,PRT,1
2021,ROU,1
2021,SVK,1
2021,SVN,1
2021,SWE,1
2022,AUT,1
2022,BEL,1
2022,BGR,1
2022,CYP,1
2022,CZE,1
2022,DEU,1
2022,DNK,1
2022,ESP,1
2022,EST,1
2022,FIN,1
2022,FRA,1
2022,GBR,1
2022,GRC,1
2022,HRV,1
2022,HUN,1
2022,IRL,1
2022,ITA,1
2022,LTU,1
2022,LUX,1
2022,LVA,1
2022,MLT,1
2022,NLD,1
2022,POL,1
2022,PRT,1
2022,ROU,1
2022,SVK,1
2022,SVN,1
2022,SWE,1
2023,AUT,1
2023,BEL,1
2023,BGR,1
2023,CYP,1
2023,CZE,1
2023,DEU,1
2023,DNK,1
2023,ESP,1
2023,EST,1
2023,FIN,1
2023,FRA,1
2023,GBR,1
2023,GRC,1
2023,HRV,1
2023,HUN,1
2023,IRL,1
2023,ITA,1
2023,LTU,1
2023,LUX,1
2023,LVA,1
2023,MLT,1
2023,NLD,1
2023,POL,1
2023,PRT,1
2023,ROU,1
2023,SVK,1
2023,SVN,1
2023,SWE,1
2024,AUT,1
2024,BEL,1
2024,BGR,1
2024,CYP,1
2024,CZE,1
2024,DEU,1
2024,DNK,1
2024,ESP,1
2024,EST,1
2024,FIN,1
2024,FRA,1
2024,GBR,1
2024,GRC,1
2024,HRV,1
2024,HUN,1
2024,IRL,1
2024,ITA,1
2024,LTU,1
2024,LUX,1
2024,LVA,1
2024,MLT,1
2024,NLD,1
2024,POL,1
2024,PRT,1
2024,ROU,1
2024,SVK,1
2024,SVN,1
2024,SWE,1
