Year,Country,oecd
1960,AUS,0
1960,AUT,1
1960,BEL,1
1960,CAN,1
1960,CHE,1
1960,CHL,0
1960,COL,0
1960,CRI,0
1960,CZE,0
1960,DEU,1
1960,DNK,1
1960,ESP,1
1960,EST,0
1960,FIN,0
1960,FRA,1
1960,GBR,1
1960,GRC,1
1960,HUN,0
1960,IRL,1
1960,ISL,1
1960,ISR,0
1960,ITA,1
1960,JPN,0
1960,KOR,0
1960,LTU,0
1960,LUX,1
1960,LVA,0
1960,MEX,0
1960,NLD,1
1960,NOR,1
1960,NZL,0
1960,POL,0
1960,PRT,1
1960,SVK,0
1960,SVN,0
1960,SWE,1
1960,TUR,1
1960,USA,1
1961,AUS,0
1961,AUT,1
1961,BEL,1
1961,CAN,1
1961,CHE,1
1961,CHL,0
1961,COL,0
1961,CRI,0
1961,CZE,0
1961,DEU,1
1961,DNK,1
1961,ESP,1
1961,EST,0
1961,FIN,0
1961,FRA,1
1961,GBR,1
1961,GRC,1
1961,HUN,0
1961,IRL,1
1961,ISL,1
1961,ISR,0
1961,ITA,1
1961,JPN,0
1961,KOR,0
1961,LTU,0
1961,LUX,1
1961,LVA,0
1961,MEX,0
1961,NLD,1
1961,NOR,1
1961,NZL,0
1961,POL,0
1961,PRT,1
1961,SVK,0
1961,SVN,0
1961,SWE,1
1961,TUR,1
1961,USA,1
1962,AUS,0
1962,AUT,1
1962,BEL,1
1962,CAN,1
1962,CHE,1
1962,CHL,0
1962,COL,0
1962,CRI,0
1962,CZE,0
1962,DEU,1
1962,DNK,1
1962,ESP,1
1962,EST,0
1962,FIN,0
1962,FRA,1
1962,GBR,1
1962,GRC,1
1962,HUN,0
1962,IRL,1
1962,ISL,1
1962,ISR,0
1962,ITA,1
1962,JPN,0
1962,KOR,0
1962,LTU,0
1962,LUX,1
1962,LVA,0
1962,MEX,0
1962,NLD,1
1962,NOR,1
1962,NZL,0
1962,POL,0
1962,PRT,1
1962,SVK,0
1962,SVN,0
1962,SWE,1
1962,TUR,1
1962,USA,1
1963,AUS,0
1963,AUT,1
1963,BEL,1
1963,CAN,1
1963,CHE,1
1963,CHL,0
1963,COL,0
1963,CRI,0
1963,CZE,0
1963,DEU,1
1963,DNK,1
1963,ESP,1
1963,EST,0
1963,FIN,0
1963,FRA,1
1963,GBR,1
1963,GRC,1
1963,HUN,0
1963,IRL,1
1963,ISL,1
1963,ISR,0
1963,ITA,1
1963,JPN,0
1963,KOR,0
1963,LTU,0
1963,LUX,1
1963,LVA,0
1963,MEX,0
1963,NLD,1
1963,NOR,1
1963,NZL,0
1963,POL,0
1963,PRT,1
1963,SVK,0
1963,SVN,0
1963,SWE,1
1963,TUR,1
1963,USA,1
1964,AUS,0
1964,AUT,1
1964,BEL,1
1964,CAN,1
1964,CHE,1
1964,CHL,0
1964,COL,0
1964,CRI,0
1964,CZE,0
1964,DEU,1
1964,DNK,1
1964,ESP,1
1964,EST,0
1964,FIN,0
1964,FRA,1
1964,GBR,1
1964,GRC,1
1964,HUN,0
1964,IRL,1
1964,ISL,1
1964,ISR,0
1964,ITA,1
1964,JPN,1
1964,KOR,0
1964,LTU,0
1964,LUX,1
1964,LVA,0
1964,MEX,0
1964,NLD,1
1964,NOR,1
1964,NZL,0
1964,POL,0
1964,PRT,1
1964,SVK,0
1964,SVN,0
1964,SWE,1
1964,TUR,1
1964,USA,1
1965,AUS,0
1965,AUT,1
1965,BEL,1
1965,CAN,1
1965,CHE,1
1965,CHL,0
1965,COL,0
1965,CRI,0
1965,CZE,0
1965,DEU,1
1965,DNK,1
1965,ESP,1
1965,EST,0
1965,FIN,0
1965,FRA,1
1965,GBR,1
1965,GRC,1
1965,HUN,0
1965,IRL,1
1965,ISL,1
1965,ISR,0
1965,ITA,1
1965,JPN,1
1965,KOR,0
1965,LTU,0
1965,LUX,1
1965,LVA,0
1965,MEX,0
1965,NLD,1
1965,NOR,1
1965,NZL,0
1965,POL,0
1965,PRT,1
1965,SVK,0
1965,SVN,0
1965,SWE,1
1965,TUR,1
1965,USA,1
1966,AUS,0
1966,AUT,1
1966,BEL,1
1966,CAN,1
1966,CHE,1
1966,CHL,0
1966,COL,0
1966,CRI,0
1966,CZE,0
1966,DEU,1
1966,DNK,1
1966,ESP,1
1966,EST,0
1966,FIN,0
1966,FRA,1
1966,GBR,1
1966,GRC,1
1966,HUN,0
1966,IRL,1
1966,ISL,1
1966,ISR,0
1966,ITA,1
1966,JPN,1
1966,KOR,0
1966,LTU,0
1966,LUX,1
1966,LVA,0
1966,MEX,0
1966,NLD,1
1966,NOR,1
1966,NZL,0
1966,POL,0
1966,PRT,1
1966,SVK,0
1966,SVN,0
1966,SWE,1
1966,TUR,1
1966,USA,1
1967,AUS,0
1967,AUT,1
1967,BEL,1
1967,CAN,1
1967,CHE,1
1967,CHL,0
1967,COL,0
1967,CRI,0
1967,CZE,0
1967,DEU,1
1967,DNK,1
1967,ESP,1
1967,EST,0
1967,FIN,0
1967,FRA,1
1967,GBR,1
1967,GRC,1
1967,HUN,0
1967,IRL,1
1967,ISL,1
1967,ISR,0
1967,ITA,1
1967,JPN,1
1967,KOR,0
1967,LTU,0
1967,LUX,1
1967,LVA,0
1967,MEX,0
1967,NLD,1
1967,NOR,1
1967,NZL,0
1967,POL,0
1967,PRT,1
1967,SVK,0
1967,SVN,0
1967,SWE,1
1967,TUR,1
1967,USA,1
1968,AUS,0
1968,AUT,1
1968,BEL,1
1968,CAN,1
1968,CHE,1
1968,CHL,0
1968,COL,0
1968,CRI,0
1968,CZE,0
1968,DEU,1
1968,DNK,1
1968,ESP,1
1968,EST,0
1968,FIN,0
1968,FRA,1
1968,GBR,1
1968,GRC,1
1968,HUN,0
1968,IRL,1
1968,ISL,1
1968,ISR,0
1968,ITA,1
1968,JPN,1
1968,KOR,0
1968,LTU,0
1968,LUX,1
1968,LVA,0
1968,MEX,0
1968,NLD,1
1968,NOR,1
1968,NZL,0
1968,POL,0
1968,PRT,1
1968,SVK,0
1968,SVN,0
1968,SWE,1
1968,TUR,1
1968,USA,1
1969,AUS,0
1969,AUT,1
1969,BEL,1
1969,CAN,1
1969,CHE,1
1969,CHL,0
1969,COL,0
1969,CRI,0
1969,CZE,0
1969,DEU,1
1969,DNK,1
1969,ESP,1
1969,EST,0
1969,FIN,1
1969,FRA,1
1969,GBR,1
1969,GRC,1
1969,HUN,0
1969,IRL,1
1969,ISL,1
1969,ISR,0
1969,ITA,1
1969,JPN,1
1969,KOR,0
1969,LTU,0
1969,LUX,1
1969,LVA,0
1969,MEX,0
1969,NLD,1
1969,NOR,1
1969,NZL,0
1969,POL,0
1969,PRT,1
1969,SVK,0
1969,SVN,0
1969,SWE,1
1969,TUR,1
1969,USA,1
1970,AUS,0
1970,AUT,1
1970,BEL,1
1970,CAN,1
1970,CHE,1
1970,CHL,0
1970,COL,0
1970,CRI,0
1970,CZE,0
1970,DEU,1
1970,DNK,1
1970,ESP,1
1970,EST,0
1970,FIN,1
1970,FRA,1
1970,GBR,1
1970,GRC,1
1970,HUN,0
1970,IRL,1
1970,ISL,1
1970,ISR,0
1970,ITA,1
1970,JPN,1
1970,KOR,0
1970,LTU,0
1970,LUX,1
1970,LVA,0
1970,MEX,0
1970,NLD,1
1970,NOR,1
1970,NZL,0
1970,POL,0
1970,PRT,1
1970,SVK,0
1970,SVN,0
1970,SWE,1
1970,TUR,1
1970,USA,1
1971,AUS,1
1971,AUT,1
1971,BEL,1
1971,CAN,1
1971,CHE,1
1971,CHL,0
1971,COL,0
1971,CRI,0
1971,CZE,0
1971,DEU,1
1971,DNK,1
1971,ESP,1
1971,EST,0
1971,FIN,1
1971,FRA,1
1971,GBR,1
1971,GRC,1
1971,HUN,0
1971,IRL,1
1971,ISL,1
1971,ISR,0
1971,ITA,1
1971,JPN,1
1971,KOR,0
1971,LTU,0
1971,LUX,1
1971,LVA,0
1971,MEX,0
1971,NLD,1
1971,NOR,1
1971,NZL,0
1971,POL,0
1971,PRT,1
1971,SVK,0
1971,SVN,0
1971,SWE,1
1971,TUR,1
1971,USA,1
1972,AUS,1
1972,AUT,1
1972,BEL,1
1972,CAN,1
1972,CHE,1
1972,CHL,0
1972,COL,0
1972,CRI,0
1972,CZE,0
1972,DEU,1
1972,DNK,1
1972,ESP,1
1972,EST,0
1972,FIN,1
1972,FRA,1
1972,GBR,1
1972,GRC,1
1972,HUN,0
1972,IRL,1
1972,ISL,1
1972,ISR,0
1972,ITA,1
1972,JPN,1
1972,KOR,0
1972,LTU,0
1972,LUX,1
1972,LVA,0
1972,MEX,0
1972,NLD,1
1972,NOR,1
1972,NZL,0
1972,POL,0
1972,PRT,1
1972,SVK,0
1972,SVN,0
1972,SWE,1
1972,TUR,1
1972,USA,1
1973,AUS,1
1973,AUT,1
1973,BEL,1
1973,CAN,1
1973,CHE,1
1973,CHL,0
1973,COL,0
1973,CRI,0
1973,CZE,0
1973,DEU,1
1973,DNK,1
1973,ESP,1
1973,EST,0
1973,FIN,1
1973,FRA,1
1973,GBR,1
1973,GRC,1
1973,HUN,0
1973,IRL,1
1973,ISL,1
1973,ISR,0
1973,ITA,1
1973,JPN,1
1973,KOR,0
1973,LTU,0
1973,LUX,1
1973,LVA,0
1973,MEX,0
1973,NLD,1
1973,NOR,1
1973,NZL,1
1973,POL,0
1973,PRT,1
1973,SVK,0
1973,SVN,0
1973,SWE,1
1973,TUR,1
1973,USA,1
1974,AUS,1
1974,AUT,1
1974,BEL,1
1974,CAN,1
1974,CHE,1
1974,CHL,0
1974,COL,0
1974,CRI,0
1974,CZE,0
1974,DEU,1
1974,DNK,1
1974,ESP,1
1974,EST,0
1974,FIN,1
1974,FRA,1
1974,GBR,1
1974,GRC,1
1974,HUN,0
1974,IRL,1
1974,ISL,1
1974,ISR,0
1974,ITA,1
1974,JPN,1
1974,KOR,0
1974,LTU,0
1974,LUX,1
1974,LVA,0
1974,MEX,0
1974,NLD,1
1974,NOR,1
1974,NZL,1
1974,POL,0
1974,PRT,1
1974,SVK,0
1974,SVN,0
1974,SWE,1
1974,TUR,1
1974,USA,1
1975,AUS,1
1975,AUT,1
1975,BEL,1
1975,CAN,1
1975,CHE,1
1975,CHL,0
1975,COL,0
1975,CRI,0
1975,CZE,0
1975,DEU,1
1975,DNK,1
1975,ESP,1
1975,EST,0
1975,FIN,1
1975,FRA,1
1975,GBR,1
1975,GRC,1
1975,HUN,0
1975,IRL,1
1975,ISL,1
1975,ISR,0
1975,ITA,1
1975,JPN,1
1975,KOR,0
1975,LTU,0
1975,LUX,1
1975,LVA,0
1975,MEX,0
1975,NLD,1
1975,NOR,1
1975,NZL,1
1975,POL,0
1975,PRT,1
1975,SVK,0
1975,SVN,0
1975,SWE,1
1975,TUR,1
1975,USA,1
1976,AUS,1
1976,AUT,1
1976,BEL,1
1976,CAN,1
1976,CHE,1
1976,CHL,0
1976,COL,0
1976,CRI,0
1976,CZE,0
1976,DEU,1
1976,DNK,1
1976,ESP,1
1976,EST,0
1976,FIN,1
1976,FRA,1
1976,GBR,1
1976,GRC,1
1976,HUN,0
1976,IRL,1
1976,ISL,1
1976,ISR,0
1976,ITA,1
1976,JPN,1
1976,KOR,0
1976,LTU,0
1976,LUX,1
1976,LVA,0
1976,MEX,0
1976,NLD,1
1976,NOR,1
1976,NZL,1
1976,POL,0
1976,PRT,1
1976,SVK,0
1976,SVN,0
1976,SWE,1
1976,TUR,1
1976,USA,1
1977,AUS,1
1977,AUT,1
1977,BEL,1
1977,CAN,1
1977,CHE,1
1977,CHL,0
1977,COL,0
1977,CRI,0
1977,CZE,0
1977,DEU,1
1977,DNK,1
1977,ESP,1
1977,EST,0
1977,FIN,1
1977,FRA,1
1977,GBR,1
1977,GRC,1
1977,HUN,0
1977,IRL,1
1977,ISL,1
1977,ISR,0
1977,ITA,1
1977,JPN,1
1977,KOR,0
1977,LTU,0
1977,LUX,1
1977,LVA,0
1977,MEX,0
1977,NLD,1
1977,NOR,1
1977,NZL,1
1977,POL,0
1977,PRT,1
1977,SVK,0
1977,SVN,0
1977,SWE,1
1977,TUR,1
1977,USA,1
1978,AUS,1
1978,AUT,1
1978,BEL,1
1978,CAN,1
1978,CHE,1
1978,CHL,0
1978,COL,0
1978,CRI,0
1978,CZE,0
1978,DEU,1
1978,DNK,1
1978,ESP,1
1978,EST,0
1978,FIN,1
1978,FRA,1
1978,GBR,1
1978,GRC,1
1978,HUN,0
1978,IRL,1
1978,ISL,1
1978,ISR,0
1978,ITA,1
1978,JPN,1
1978,KOR,0
1978,LTU,0
1978,LUX,1
1978,LVA,0
1978,MEX,0
1978,NLD,1
1978,NOR,1
1978,NZL,1
1978,POL,0
1978,PRT,1
1978,SVK,0
1978,SVN,0
1978,SWE,1
1978,TUR,1
1978,USA,1
1979,AUS,1
1979,AUT,1
1979,BEL,1
1979,CAN,1
1979,CHE,1
1979,CHL,0
1979,COL,0
1979,CRI,0
1979,CZE,0
1979,DEU,1
1979,DNK,1
1979,ESP,1
1979,EST,0
1979,FIN,1
1979,FRA,1
1979,GBR,1
1979,GRC,1
1979,HUN,0
1979,IRL,1
1979,ISL,1
1979,ISR,0
1979,ITA,1
1979,JPN,1
1979,KOR,0
1979,LTU,0
1979,LUX,1
1979,LVA,0
1979,MEX,0
1979,NLD,1
1979,NOR,1
1979,NZL,1
1979,POL,0
1979,PRT,1
1979,SVK,0
1979,SVN,0
1979,SWE,1
1979,TUR,1
1979,USA,1
1980,AUS,1
1980,AUT,1
1980,BEL,1
1980,CAN,1
1980,CHE,1
1980,CHL,0
1980,COL,0
1980,CRI,0
1980,CZE,0
1980,DEU,1
1980,DNK,1
1980,ESP,1
1980,EST,0
1980,FIN,1
1980,FRA,1
1980,GBR,1
1980,GRC,1
1980,HUN,0
1980,IRL,1
1980,ISL,1
1980,ISR,0
1980,ITA,1
1980,JPN,1
1980,KOR,0
1980,LTU,0
1980,LUX,1
1980,LVA,0
1980,MEX,0
1980,NLD,1
1980,NOR,1
1980,NZL,1
1980,POL,0
1980,PRT,1
1980,SVK,0
1980,SVN,0
1980,SWE,1
1980,TUR,1
1980,USA,1
1981,AUS,1
1981,AUT,1
1981,BEL,1
1981,CAN,1
1981,CHE,1
1981,CHL,0
1981,COL,0
1981,CRI,0
1981,CZE,0
1981,DEU,1
1981,DNK,1
1981,ESP,1
1981,EST,0
1981,FIN,1
1981,FRA,1
1981,GBR,1
1981,GRC,1
1981,HUN,0
1981,IRL,1
1981,ISL,1
1981,ISR,0
1981,ITA,1
1981,JPN,1
1981,KOR,0
1981,LTU,0
1981,LUX,1
1981,LVA,0
1981,MEX,0
1981,NLD,1
1981,NOR,1
1981,NZL,1
1981,POL,0
1981,PRT,1
1981,SVK,0
1981,SVN,0
1981,SWE,1
1981,TUR,1
1981,USA,1
1982,AUS,1
1982,AUT,1
1982,BEL,1
1982,CAN,1
1982,CHE,1
1982,CHL,0
1982,COL,0
1982,CRI,0
1982,CZE,0
1982,DEU,1
1982,DNK,1
1982,ESP,1
1982,EST,0
1982,FIN,1
1982,FRA,1
1982,GBR,1
1982,GRC,1
1982,HUN,0
1982,IRL,1
1982,ISL,1
1982,ISR,0
1982,ITA,1
1982,JPN,1
1982,KOR,0
1982,LTU,0
1982,LUX,1
1982,LVA,0
1982,MEX,0
1982,NLD,1
1982,NOR,1
1982,NZL,1
1982,POL,0
1982,PRT,1
1982,SVK,0
1982,SVN,0
1982,SWE,1
1982,TUR,1
1982,USA,1
1983,AUS,1
1983,AUT,1
1983,BEL,1
1983,CAN,1
1983,CHE,1
1983,CHL,0
1983,COL,0
1983,CRI,0
1983,CZE,0
1983,DEU,1
1983,DNK,1
1983,ESP,1
1983,EST,0
1983,FIN,1
1983,FRA,1
1983,GBR,1
1983,GRC,1
1983,HUN,0
1983,IRL,1
1983,ISL,1
1983,ISR,0
1983,ITA,1
1983,JPN,1
1983,KOR,0
1983,LTU,0
1983,LUX,1
1983,LVA,0
1983,MEX,0
1983,NLD,1
1983,NOR,1
1983,NZL,1
1983,POL,0
1983,PRT,1
1983,SVK,0
1983,SVN,0
1983,SWE,1
1983,TUR,1
1983,USA,1
1984,AUS,1
1984,AUT,1
1984,BEL,1
1984,CAN,1
1984,CHE,1
1984,CHL,0
1984,COL,0
1984,CRI,0
1984,CZE,0
1984,DEU,1
1984,DNK,1
1984,ESP,1
1984,EST,0
1984,FIN,1
1984,FRA,1
1984,GBR,1
1984,GRC,1
1984,HUN,0
1984,IRL,1
1984,ISL,1
1984,ISR,0
1984,ITA,1
1984,JPN,1
1984,KOR,0
1984,LTU,0
1984,LUX,1
1984,LVA,0
1984,MEX,0
1984,NLD,1
1984,NOR,1
1984,NZL,1
1984,POL,0
1984,PRT,1
1984,SVK,0
1984,SVN,0
1984,SWE,1
1984,TUR,1
1984,USA,1
1985,AUS,1
1985,AUT,1
1985,BEL,1
1985,CAN,1
1985,CHE,1
1985,CHL,0
1985,COL,0
1985,CRI,0
1985,CZE,0
1985,DEU,1
1985,DNK,1
1985,ESP,1
1985,EST,0
1985,FIN,1
1985,FRA,1
1985,GBR,1
1985,GRC,1
1985,HUN,0
1985,IRL,1
1985,ISL,1
1985,ISR,0
1985,ITA,1
1985,JPN,1
1985,KOR,0
1985,LTU,0
1985,LUX,1
1985,LVA,0
1985,MEX,0
1985,NLD,1
1985,NOR,1
1985,NZL,1
1985,POL,0
1985,PRT,1
1985,SVK,0
1985,SVN,0
1985,SWE,1
1985,TUR,1
1985,USA,1
1986,AUS,1
1986,AUT,1
1986,BEL,1
1986,CAN,1
1986,CHE,1
1986,CHL,0
1986,COL,0
1986,CRI,0
1986,CZE,0
1986,DEU,1
1986,DNK,1
1986,ESP,1
1986,EST,0
1986,FIN,1
1986,FRA,1
1986,GBR,1
1986,GRC,1
1986,HUN,0
1986,IRL,1
1986,ISL,1
1986,ISR,0
1986,ITA,1
1986,JPN,1
1986,KOR,0
1986,LTU,0
1986,LUX,1
1986,LVA,0
1986,MEX,0
1986,NLD,1
1986,NOR,1
1986,NZL,1
1986,POL,0
1986,PRT,1
1986,SVK,0
1986,SVN,0
1986,SWE,1
1986,TUR,1
1986,USA,1
1987,AUS,1
1987,AUT,1
1987,BEL,1
1987,CAN,1
1987,CHE,1
1987,CHL,0
1987,COL,0
1987,CRI,0
1987,CZE,0
1987,DEU,1
1987,DNK,1
1987,ESP,1
1987,EST,0
1987,FIN,1
1987,FRA,1
1987,GBR,1
1987,GRC,1
1987,HUN,0
1987,IRL,1
1987,ISL,1
1987,ISR,0
1987,ITA,1
1987,JPN,1
1987,KOR,0
1987,LTU,0
1987,LUX,1
1987,LVA,0
1987,MEX,0
1987,NLD,1
1987,NOR,1
1987,NZL,1
1987,POL,0
1987,PRT,1
1987,SVK,0
1987,SVN,0
1987,SWE,1
1987,TUR,1
1987,USA,1
1988,AUS,1
1988,AUT,1
1988,BEL,1
1988,CAN,1
1988,CHE,1
1988,CHL,0
1988,COL,0
1988,CRI,0
1988,CZE,0
1988,DEU,1
1988,DNK,1
1988,ESP,1
1988,EST,0
1988,FIN,1
1988,FRA,1
1988,GBR,1
1988,GRC,1
1988,HUN,0
1988,IRL,1
1988,ISL,1
1988,ISR,0
1988,ITA,1
1988,JPN,1
1988,KOR,0
1988,LTU,0
1988,LUX,1
1988,LVA,0
1988,MEX,0
1988,NLD,1
1988,NOR,1
1988,NZL,1
1988,POL,0
1988,PRT,1
1988,SVK,0
1988,SVN,0
1988,SWE,1
1988,TUR,1
1988,USA,1
1989,AUS,1
1989,AUT,1
1989,BEL,1
1989,CAN,1
1989,CHE,1
1989,CHL,0
1989,COL,0
1989,CRI,0
1989,CZE,0
1989,DEU,1
1989,DNK,1
1989,ESP,1
1989,EST,0
1989,FIN,1
1989,FRA,1
1989,GBR,1
1989,GRC,1
1989,HUN,0
1989,IRL,1
1989,ISL,1
1989,ISR,0
1989,ITA,1
1989,JPN,1
1989,KOR,0
1989,LTU,0
1989,LUX,1
1989,LVA,0
1989,MEX,0
1989,NLD,1
1989,NOR,1
1989,NZL,1
1989,POL,0
1989,PRT,1
1989,SVK,0
1989,SVN,0
1989,SWE,1
1989,TUR,1
1989,USA,1
1990,AUS,1
1990,AUT,1
1990,BEL,1
1990,CAN,1
1990,CHE,1
1990,CHL,0
1990,COL,0
1990,CRI,0
1990,CZE,0
1990,DEU,1
1990,DNK,1
1990,ESP,1
1990,EST,0
1990,FIN,1
1990,FRA,1
1990,GBR,1
1990,GRC,1
1990,HUN,0
1990,IRL,1
1990,ISL,1
1990,ISR,0
1990,ITA,1
1990,JPN,1
1990,KOR,0
1990,LTU,0
1990,LUX,1
1990,LVA,0
1990,MEX,0
1990,NLD,1
1990,NOR,1
1990,NZL,1
1990,POL,0
1990,PRT,1
1990,SVK,0
1990,SVN,0
1990,SWE,1
1990,TUR,1
1990,USA,1
1991,AUS,1
1991,AUT,1
1991,BEL,1
1991,CAN,1
1991,CHE,1
1991,CHL,0
1991,COL,0
1991,CRI,0
1991,CZE,0
1991,DEU,1
1991,DNK,1
1991,ESP,1
1991,EST,0
1991,FIN,1
1991,FRA,1
1991,GBR,1
1991,GRC,1
1991,HUN,0
1991,IRL,1
1991,ISL,1
1991,ISR,0
1991,ITA,1
1991,JPN,1
1991,KOR,0
1991,LTU,0
1991,LUX,1
1991,LVA,0
1991,MEX,0
1991,NLD,1
1991,NOR,1
1991,NZL,1
1991,POL,0
1991,PRT,1
1991,SVK,0
1991,SVN,0
1991,SWE,1
1991,TUR,1
1991,USA,1
1992,AUS,1
1992,AUT,1
1992,BEL,1
1992,CAN,1
1992,CHE,1
1992,CHL,0
1992,COL,0
1992,CRI,0
1992,CZE,0
1992,DEU,1
1992,DNK,1
1992,ESP,1
1992,EST,0
1992,FIN,1
1992,FRA,1
1992,GBR,1
1992,GRC,1
1992,HUN,0
1992,IRL,1
1992,ISL,1
1992,ISR,0
1992,ITA,1
1992,JPN,1
1992,KOR,0
1992,LTU,0
1992,LUX,1
1992,LVA,0
1992,MEX,0
1992,NLD,1
1992,NOR,1
1992,NZL,1
1992,POL,0
1992,PRT,1
1992,SVK,0
1992,SVN,0
1992,SWE,1
1992,TUR,1
1992,USA,1
1993,AUS,1
1993,AUT,1
1993,BEL,1
1993,CAN,1
1993,CHE,1
1993,CHL,0
1993,COL,0
1993,CRI,0
1993,CZE,0
1993,DEU,1
1993,DNK,1
1993,ESP,1
1993,EST,0
1993,FIN,1
1993,FRA,1
1993,GBR,1
1993,GRC,1
1993,HUN,0
1993,IRL,1
1993,ISL,1
1993,ISR,0
1993,ITA,1
1993,JPN,1
1993,KOR,0
1993,LTU,0
1993,LUX,1
1993,LVA,0
1993,MEX,0
1993,NLD,1
1993,NOR,1
1993,NZL,1
1993,POL,0
1993,PRT,1
1993,SVK,0
1993,SVN,0
1993,SWE,1
1993,TUR,1
1993,USA,1
1994,AUS,1
1994,AUT,1
1994,BEL,1
1994,CAN,1
1994,CHE,1
1994,CHL,0
1994,COL,0
1994,CRI,0
1994,CZE,0
1994,DEU,1
1994,DNK,1
1994,ESP,1
1994,EST,0
1994,FIN,1
1994,FRA,1
1994,GBR,1
1994,GRC,1
1994,HUN,0
1994,IRL,1
1994,ISL,1
1994,ISR,0
1994,ITA,1
1994,JPN,1
1994,KOR,0
1994,LTU,0
1994,LUX,1
1994,LVA,0
1994,MEX,1
1994,NLD,1
1994,NOR,1
1994,NZL,1
1994,POL,0
1994,PRT,1
1994,SVK,0
1994,SVN,0
1994,SWE,1
1994,TUR,1
1994,USA,1
1995,AUS,1
1995,AUT,1
1995,BEL,1
1995,CAN,1
1995,CHE,1
1995,CHL,0
1995,COL,0
1995,CRI,0
1995,CZE,1
1995,DEU,1
1995,DNK,1
1995,ESP,1
1995,EST,0
1995,FIN,1
1995,FRA,1
1995,GBR,1
1995,GRC,1
1995,HUN,0
1995,IRL,1
1995,ISL,1
1995,ISR,0
1995,ITA,1
1995,JPN,1
1995,KOR,0
1995,LTU,0
1995,LUX,1
1995,LVA,0
1995,MEX,1
1995,NLD,1
1995,NOR,1
1995,NZL,1
1995,POL,0
1995,PRT,1
1995,SVK,0
1995,SVN,0
1995,SWE,1
1995,TUR,1
1995,USA,1
1996,AUS,1
1996,AUT,1
1996,BEL,1
1996,CAN,1
1996,CHE,1
1996,CHL,0
1996,COL,0
1996,CRI,0
1996,CZE,1
1996,DEU,1
1996,DNK,1
1996,ESP,1
1996,EST,0
1996,FIN,1
1996,FRA,1
1996,GBR,1
1996,GRC,1
1996,HUN,1
1996,IRL,1
1996,ISL,1
1996,ISR,0
1996,ITA,1
1996,JPN,1
1996,KOR,1
1996,LTU,0
1996,LUX,1
1996,LVA,0
1996,MEX,1
1996,NLD,1
1996,NOR,1
1996,NZL,1
1996,POL,1
1996,PRT,1
1996,SVK,0
1996,SVN,0
1996,SWE,1
1996,TUR,1
1996,USA,1
1997,AUS,1
1997,AUT,1
1997,BEL,1
1997,CAN,1
1997,CHE,1
1997,CHL,0
1997,COL,0
1997,CRI,0
1997,CZE,1
1997,DEU,1
1997,DNK,1
1997,ESP,1
1997,EST,0
1997,FIN,1
1997,FRA,1
1997,GBR,1
1997,GRC,1
1997,HUN,1
1997,IRL,1
1997,ISL,1
1997,ISR,0
1997,ITA,1
1997,JPN,1
1997,KOR,1
1997,LTU,0
1997,LUX,1
1997,LVA,0
1997,MEX,1
1997,NLD,1
1997,NOR,1
1997,NZL,1
1997,POL,1
1997,PRT,1
1997,SVK,0
1997,SVN,0
1997,SWE,1
1997,TUR,1
1997,USA,1
1998,AUS,1
1998,AUT,1
1998,BEL,1
1998,CAN,1
1998,CHE,1
1998,CHL,0
1998,COL,0
1998,CRI,0
1998,CZE,1
1998,DEU,1
1998,DNK,1
1998,ESP,1
1998,EST,0
1998,FIN,1
1998,FRA,1
1998,GBR,1
1998,GRC,1
1998,HUN,1
1998,IRL,1
1998,ISL,1
1998,ISR,0
1998,ITA,1
1998,JPN,1
1998,KOR,1
1998,LTU,0
1998,LUX,1
1998,LVA,0
1998,MEX,1
1998,NLD,1
1998,NOR,1
1998,NZL,1
1998,POL,1
1998,PRT,1
1998,SVK,0
1998,SVN,0
1998,SWE,1
1998,TUR,1
1998,USA,1
1999,AUS,1
1999,AUT,1
1999,BEL,1
1999,CAN,1
1999,CHE,1
1999,CHL,0
1999,COL,0
1999,CRI,0
1999,CZE,1
1999,DEU,1
1999,DNK,1
1999,ESP,1
1999,EST,0
1999,FIN,1
1999,FRA,1
1999,GBR,1
1999,GRC,1
1999,HUN,1
1999,IRL,1
1999,ISL,1
1999,ISR,0
1999,ITA,1
1999,JPN,1
1999,KOR,1
1999,LTU,0
1999,LUX,1
1999,LVA,0
1999,MEX,1
1999,NLD,1
1999,NOR,1
1999,NZL,1
1999,POL,1
1999,PRT,1
1999,SVK,0
1999,SVN,0
1999,SWE,1
1999,TUR,1
1999,USA,1
2000,AUS,1
2000,AUT,1
2000,BEL,1
2000,CAN,1
2000,CHE,1
2000,CHL,0
2000,COL,0
2000,CRI,0
2000,CZE,1
2000,DEU,1
2000,DNK,1
2000,ESP,1
2000,EST,0
2000,FIN,1
2000,FRA,1
2000,GBR,1
2000,GRC,1
2000,HUN,1
2000,IRL,1
2000,ISL,1
2000,ISR,0
2000,ITA,1
2000,JPN,1
2000,KOR,1
2000,LTU,0
2000,LUX,1
2000,LVA,0
2000,MEX,1
2000,NLD,1
2000,NOR,1
2000,NZL,1
2000,POL,1
2000,PRT,1
2000,SVK,1
2000,SVN,0
2000,SWE,1
2000,TUR,1
2000,USA,1
2001,AUS,1
2001,AUT,1
2001,BEL,1
2001,CAN,1
2001,CHE,1
2001,CHL,0
2001,COL,0
2001,CRI,0
2001,CZE,1
2001,DEU,1
2001,DNK,1
2001,ESP,1
2001,EST,0
2001,FIN,1
2001,FRA,1
2001,GBR,1
2001,GRC,1
2001,HUN,1
2001,IRL,1
2001,ISL,1
2001,ISR,0
2001,ITA,1
2001,JPN,1
2001,KOR,1
2001,LTU,0
2001,LUX,1
2001,LVA,0
2001,MEX,1
2001,NLD,1
2001,NOR,1
2001,NZL,1
2001,POL,1
2001,PRT,1
2001,SVK,1
2001,SVN,0
2001,SWE,1
2001,TUR,1
2001,USA,1
2002,AUS,1
2002,AUT,1
2002,BEL,1
2002,CAN,1
2002,CHE,1
2002,CHL,0
2002,COL,0
2002,CRI,0
2002,CZE,1
2002,DEU,1
2002,DNK,1
2002,ESP,1
2002,EST,0
2002,FIN,1
2002,FRA,1
2002,GBR,1
2002,GRC,1
2002,HUN,1
2002,IRL,1
2002,ISL,1
2002,ISR,0
2002,ITA,1
2002,JPN,1
2002,KOR,1
2002,LTU,0
2002,LUX,1
2002,LVA,0
2002,MEX,1
2002,NLD,1
2002,NOR,1
2002,NZL,1
2002,POL,1
2002,PRT,1
2002,SVK,1
2002,SVN,0
2002,SWE,1
2002,TUR,1
2002,USA,1
2003,AUS,1
2003,AUT,1
2003,BEL,1
2003,CAN,1
2003,CHE,1
2003,CHL,0
2003,COL,0
2003,CRI,0
2003,CZE,1
2003,DEU,1
2003,DNK,1
2003,ESP,1
2003,EST,0
2003,FIN,1
2003,FRA,1
2003,GBR,1
2003,GRC,1
2003,HUN,1
2003,IRL,1
2003,ISL,1
2003,ISR,0
2003,ITA,1
2003,JPN,1
2003,KOR,1
2003,LTU,0
2003,LUX,1
2003,LVA,0
2003,MEX,1
2003,NLD,1
2003,NOR,1
2003,NZL,1
2003,POL,1
2003,PRT,1
2003,SVK,1
2003,SVN,0
2003,SWE,1
2003,TUR,1
2003,USA,1
2004,AUS,1
2004,AUT,1
2004,BEL,1
2004,CAN,1
2004,CHE,1
2004,CHL,0
2004,COL,0
2004,CRI,0
2004,CZE,1
2004,DEU,1
2004,DNK,1
2004,ESP,1
2004,EST,0
2004,FIN,1
2004,FRA,1
2004,GBR,1
2004,GRC,1
2004,HUN,1
2004,IRL,1
2004,ISL,1
2004,ISR,0
2004,ITA,1
2004,JPN,1
2004,KOR,1
2004,LTU,0
2004,LUX,1
2004,LVA,0
2004,MEX,1
2004,NLD,1
2004,NOR,1
2004,NZL,1
2004,POL,1
2004,PRT,1
2004,SVK,1
2004,SVN,0
2004,SWE,1
2004,TUR,1
2004,USA,1
2005,AUS,1
2005,AUT,1
2005,BEL,1
2005,CAN,1
2005,CHE,1
2005,CHL,0
2005,COL,0
2005,CRI,0
2005,CZE,1
2005,DEU,1
2005,DNK,1
2005,ESP,1
2005,EST,0
2005,FIN,1
2005,FRA,1
2005,GBR,1
2005,GRC,1
2005,HUN,1
2005,IRL,1
2005,ISL,1
2005,ISR,0
2005,ITA,1
2005,JPN,1
2005,KOR,1
2005,LTU,0
2005,LUX,1
2005,LVA,0
2005,MEX,1
2005,NLD,1
2005,NOR,1
2005,NZL,1
2005,POL,1
2005,PRT,1
2005,SVK,1
2005,SVN,0
2005,SWE,1
2005,TUR,1
2005,USA,1
2006,AUS,1
2006,AUT,1
2006,BEL,1
2006,CAN,1
2006,CHE,1
2006,CHL,0
2006,COL,0
2006,CRI,0
2006,CZE,1
2006,DEU,1
2006,DNK,1
2006,ESP,1
2006,EST,0
2006,FIN,1
2006,FRA,1
2006,GBR,1
2006,GRC,1
2006,HUN,1
2006,IRL,1
2006,ISL,1
2006,ISR,0
2006,ITA,1
2006,JPN,1
2006,KOR,1
2006,LTU,0
2006,LUX,1
2006,LVA,0
2006,MEX,1
2006,NLD,1
2006,NOR,1
2006,NZL,1
2006,POL,1
2006,PRT,1
2006,SVK,1
2006,SVN,0
2006,SWE,1
2006,TUR,1
2006,USA,1
2007,AUS,1
2007,AUT,1
2007,BEL,1
2007,CAN,1
2007,CHE,1
2007,CHL,0
2007,COL,0
2007,CRI,0
2007,CZE,1
2007,DEU,1
2007,DNK,1
2007,ESP,1
2007,EST,0
2007,FIN,1
2007,FRA,1
2007,GBR,1
2007,GRC,1
2007,HUN,1
2007,IRL,1
2007,ISL,1
2007,ISR,0
2007,ITA,1
2007,JPN,1
2007,KOR,1
2007,LTU,0
2007,LUX,1
2007,LVA,0
2007,MEX,1
2007,NLD,1
2007,NOR,1
2007,NZL,1
2007,POL,1
2007,PRT,1
2007,SVK,1
2007,SVN,0
2007,SWE,1
2007,TUR,1
2007,USA,1
2008,AUS,1
2008,AUT,1
2008,BEL,1
2008,CAN,1
2008,CHE,1
2008,CHL,0
2008,COL,0
2008,CRI,0
2008,CZE,1
2008,DEU,1
2008,DNK,1
2008,ESP,1
2008,EST,0
2008,FIN,1
2008,FRA,1
2008,GBR,1
2008,GRC,1
2008,HUN,1
2008,IRL,1
2008,ISL,1
2008,ISR,0
2008,ITA,1
2008,JPN,1
2008,KOR,1
2008,LTU,0
2008,LUX,1
2008,LVA,0
2008,MEX,1
2008,NLD,1
2008,NOR,1
2008,NZL,1
2008,POL,1
2008,PRT,1
2008,SVK,1
2008,SVN,0
2008,SWE,1
2008,TUR,1
2008,USA,1
2009,AUS,1
2009,AUT,1
2009,BEL,1
2009,CAN,1
2009,CHE,1
2009,CHL,0
2009,COL,0
2009,CRI,0
2009,CZE,1
2009,DEU,1
2009,DNK,1
2009,ESP,1
2009,EST,0
2009,FIN,1
2009,FRA,1
2009,GBR,1
2009,GRC,1
2009,HUN,1
2009,IRL,1
2009,ISL,1
2009,ISR,0
2009,ITA,1
2009,JPN,1
2009,KOR,1
2009,LTU,0
2009,LUX,1
2009,LVA,0
2009,MEX,1
2009,NLD,1
2009,NOR,1
2009,NZL,1
2009,POL,1
2009,PRT,1
2009,SVK,1
2009,SVN,0
2009,SWE,1
2009,TUR,1
2009,USA,1
2010,AUS,1
2010,AUT,1
2010,BEL,1
2010,CAN,1
2010,CHE,1
2010,CHL,1
2010,COL,0
2010,CRI,0
2010,CZE,1
2010,DEU,1
2010,DNK,1
2010,ESP,1
2010,EST,1
2010,FIN,1
2010,FRA,1
2010,GBR,1
2010,GRC,1
2010,HUN,1
2010,IRL,1
2010,ISL,1
2010,ISR,1
2010,ITA,1
2010,JPN,1
2010,KOR,1
2010,LTU,0
2010,LUX,1
2010,LVA,0
2010,MEX,1
2010,NLD,1
2010,NOR,1
2010,NZL,1
2010,POL,1
2010,PRT,1
2010,SVK,1
2010,SVN,1
2010,SWE,1
2010,TUR,1
2010,USA,1
2011,AUS,1
2011,AUT,1
2011,BEL,1
2011,CAN,1
2011,CHE,1
2011,CHL,1
2011,COL,0
2011,CRI,0
2011,CZE,1
2011,DEU,1
2011,DNK,1
2011,ESP,1
2011,EST,1
2011,FIN,1
2011,FRA,1
2011,GBR,1
2011,GRC,1
2011,HUN,1
2011,IRL,1
2011,ISL,1
2011,ISR,1
2011,ITA,1
2011,JPN,1
2011,KOR,1
2011,LTU,0
2011,LUX,1
2011,LVA,0
2011,MEX,1
2011,NLD,1
2011,NOR,1
2011,NZL,1
2011,POL,1
2011,PRT,1
2011,SVK,1
2011,SVN,1
2011,SWE,1
2011,TUR,1
2011,USA,1
2012,AUS,1
2012,AUT,1
2012,BEL,1
2012,CAN,1
2012,CHE,1
2012,CHL,1
2012,COL,0
2012,CRI,0
2012,CZE,1
2012,DEU,1
2012,DNK,1
2012,ESP,1
2012,EST,1
2012,FIN,1
2012,FRA,1
2012,GBR,1
2012,GRC,1
2012,HUN,1
2012,IRL,1
2012,ISL,1
2012,ISR,1
2012,ITA,1
2012,JPN,1
2012,KOR,1
2012,LTU,0
2012,LUX,1
2012,LVA,0
2012,MEX,1
2012,NLD,1
2012,NOR,1
2012,NZL,1
2012,POL,1
2012,PRT,1
2012,SVK,1
2012,SVN,1
2012,SWE,1
2012,TUR,1
2012,USA,1
2013,AUS,1
2013,AUT,1
2013,BEL,1
2013,CAN,1
2013,CHE,1
2013,CHL,1
2013,COL,0
2013,CRI,0
2013,CZE,1
2013,DEU,1
2013,DNK,1
2013,ESP,1
2013,EST,1
2013,FIN,1
2013,FRA,1
2013,GBR,1
2013,GRC,1
2013,HUN,1
2013,IRL,1
2013,ISL,1
2013,ISR,1
2013,ITA,1
2013,JPN,1
2013,KOR,1
2013,LTU,0
2013,LUX,1
2013,LVA,0
2013,MEX,1
2013,NLD,1
2013,NOR,1
2013,NZL,1
2013,POL,1
2013,PRT,1
2013,SVK,1
2013,SVN,1
2013,SWE,1
2013,TUR,1
2013,USA,1
2014,AUS,1
2014,AUT,1
2014,BEL,1
2014,CAN,1
2014,CHE,1
2014,CHL,1
2014,COL,0
2014,CRI,0
2014,CZE,1
2014,DEU,1
2014,DNK,1
2014,ESP,1
2014,EST,1
2014,FIN,1
2014,FRA,1
2014,GBR,1
2014,GRC,1
2014,HUN,1
2014,IRL,1
2014,ISL,1
2014,ISR,1
2014,ITA,1
2014,JPN,1
2014,KOR,1
2014,LTU,0
2014,LUX,1
2014,LVA,0
2014,MEX,1
2014,NLD,1
2014,NOR,1
2014,NZL,1
2014,POL,1
2014,PRT,1
2014,SVK,1
2014,SVN,1
2014,SWE,1
2014,TUR,1
2014,USA,1
2015,AUS,1
2015,AUT,1
2015,BEL,1
2015,CAN,1
2015,CHE,1
2015,CHL,1
2015,COL,0
2015,CRI,0
2015,CZE,1
2015,DEU,1
2015,DNK,1
2015,ESP,1
2015,EST,1
2015,FIN,1
2015,FRA,1
2015,GBR,1
2015,GRC,1
2015,HUN,1
2015,IRL,1
2015,ISL,1
2015,ISR,1
2015,ITA,1
2015,JPN,1
2015,KOR,1
2015,LTU,0
2015,LUX,1
2015,LVA,0
2015,MEX,1
2015,NLD,1
2015,NOR,1
2015,NZL,1
2015,POL,1
2015,PRT,1
2015,SVK,1
2015,SVN,1
2015,SWE,1
2015,TUR,1
2015,USA,1
2016,AUS,1
2016,AUT,1
2016,BEL,1
2016,CAN,1
2016,CHE,1
2016,CHL,1
2016,COL,0
2016,CRI,0
2016,CZE,1
2016,DEU,1
2016,DNK,1
2016,ESP,1
2016,EST,1
2016,FIN,1
2016,FRA,1
2016,GBR,1
2016,GRC,1
2016,HUN,1
2016,IRL,1
2016,ISL,1
2016,ISR,1
2016,ITA,1
2016,JPN,1
2016,KOR,1
2016,LTU,0
2016,LUX,1
2016,LVA,1
2016,MEX,1
2016,NLD,1
2016,NOR,1
2016,NZL,1
2016,POL,1
2016,PRT,1
2016,SVK,1
2016,SVN,1
2016,SWE,1
2016,TUR,1
2016,USA,1
2017,AUS,1
2017,AUT,1
2017,BEL,1
2017,CAN,1
2017,CHE,1
2017,CHL,1
2017,COL,0
2017,CRI,0
2017,CZE,1
2017,DEU,1
2017,DNK,1
2017,ESP,1
2017,EST,1
2017,FIN,1
2017,FRA,1
2017,GBR,1
2017,GRC,1
2017,HUN,1
2017,IRL,1
2017,ISL,1
2017,ISR,1
2017,ITA,1
2017,JPN,1
2017,KOR,1
2017,LTU,0
2017,LUX,1
2017,LVA,1
2017,MEX,1
2017,NLD,1
2017,NOR,1
2017,NZL,1
2017,POL,1
2017,PRT,1
2017,SVK,1
2017,SVN,1
2017,SWE,1
2017,TUR,1
2017,USA,1
2018,AUS,1
2018,AUT,1
2018,BEL,1
2018,CAN,1
2018,CHE,1
2018,CHL,1
2018,COL,0
2018,CRI,0
2018,CZE,1
2018,DEU,1
2018,DNK,1
2018,ESP,1
2018,EST,1
2018,FIN,1
2018,FRA,1
2018,GBR,1
2018,GRC,1
2018,HUN,1
2018,IRL,1
2018,ISL,1
2018,ISR,1
2018,ITA,1
2018,JPN,1
2018,KOR,1
2018,LTU,1
2018,LUX,1
2018,LVA,1
2018,MEX,1
2018,NLD,1
2018,NOR,1
2018,NZL,1
2018,POL,1
2018,PRT,1
2018,SVK,1
2018,SVN,1
2018,SWE,1
2018,TUR,1
2018,USA,1
2019,AUS,1
2019,AUT,1
2019,BEL,1
2019,CAN,1
2019,CHE,1
2019,CHL,1
2019,COL,0
2019,CRI,0
2019,CZE,1
2019,DEU,1
2019,DNK,1
2019,ESP,1
2019,EST,1
2019,FIN,1
2019,FRA,1
2019,GBR,1
2019,GRC,1
2019,HUN,1
2019,IRL,1
2019,ISL,1
2019,ISR,1
2019,ITA,1
2019,JPN,1
2019,KOR,1
2019,LTU,1
2019,LUX,1
2019,LVA,1
2019,MEX,1
2019,NLD,1
2019,NOR,1
2019,NZL,1
2019,POL,1
2019,PRT,1
2019,SVK,1
2019,SVN,1
2019,SWE,1
2019,TUR,1
2019,USA,1
2020,AUS,1
2020,AUT,1
2020,BEL,1
2020,CAN,1
2020,CHE,1
2020,CHL,1
2020,COL,1
2020,CRI,0
2020,CZE,1
2020,DEU,1
2020,DNK,1
2020,ESP,1
2020,EST,1
2020,FIN,1
2020,FRA,1
2020,GBR,1
2020,GRC,1
2020,HUN,1
2020,IRL,1
2020,ISL,1
2020,ISR,1
2020,ITA,1
2020,JPN,1
2020,KOR,1
2020,LTU,1
2020,LUX,1
2020,LVA,1
2020,MEX,1
2020,NLD,1
2020,NOR,1
2020,NZL,1
2020,POL,1
2020,PRT,1
2020,SVK,1
2020,SVN,1
2020,SWE,1
2020,TUR,1
2020,USA,1
2021,AUS,1
2021,AUT,1
2021,BEL,1
2021,CAN,1
2021,CHE,1
2021,CHL,1
2021,COL,1
2021,CRI,1
2021,CZE,1
2021,DEU,1
2021,DNK,1
2021,ESP,1
2021,EST,1
2021,FIN,1
2021,FRA,1
2021,GBR,1
2021,GRC,1
2021,HUN,1
2021,IRL,1
2021,ISL,1
2021,ISR,1
2021,ITA,1
2021,JPN,1
2021,KOR,1
2021,LTU,1
2021,LUX,1
2021,LVA,1
2021,MEX,1
2021,NLD,1
2021,NOR,1
2021,NZL,1
2021,POL,1
2021,PRT,1
2021,SVK,1
2021,SVN,1
2021,SWE,1
2021,TUR,1
2021,USA,1
2022,AUS,1
2022,AUT,1
2022,BEL,1
2022,CAN,1
2022,CHE,1
2022,CHL,1
2022,COL,1
2022,CRI,1
2022,CZE,1
2022,DEU,1
2022,DNK,1
2022,ESP,1
2022,EST,1
2022,FIN,1
2022,FRA,1
2022,GBR,1
2022,GRC,1
2022,HUN,1
2022,IRL,1
2022,ISL,1
2022,ISR,1
2022,ITA,1
2022,JPN,1
2022,KOR,1
2022,LTU,1
2022,LUX,1
2022,LVA,1
2022,MEX,1
2022,NLD,1
2022,NOR,1
2022,NZL,1
2022,POL,1
2022,PRT,1
2022,SVK,1
2022,SVN,1
2022,SWE,1
2022,TUR,1
2022,USA,1
2023,AUS,1
2023,AUT,1
2023,BEL,1
2023,CAN,1
2023,CHE,1
2023,CHL,1
2023,COL,1
2023,CRI,1
2023,CZE,1
2023,DEU,1
2023,DNK,1
2023,ESP,1
2023,EST,1
2023,FIN,1
2023,FRA,1
2023,GBR,1
2023,GRC,1
2023,HUN,1
2023,IRL,1
2023,ISL,1
2023,ISR,1
2023,ITA,1
2023,JPN,1
2023,KOR,1
2023,LTU,1
2023,LUX,1
2023,LVA,1
2023,MEX,1
2023,NLD,1
2023,NOR,1
2023,NZL,1
2023,POL,1
2023,PRT,1
2023,SVK,1
2023,SVN,1
2023,SWE,1
2023,TUR,1
2023,USA,1
2024,AUS,1
2024,AUT,1
2024,BEL,1
2024,CAN,1
2024,CHE,1
2024,CHL,1
2024,COL,1
2024,CRI,1
2024,CZE,1
2024,DEU,1
2024,DNK,1
2024,ESP,1
2024,EST,1
2024,FIN,1
2024,FRA,1
2024,GBR,1
2024,GRC,1
2024,HUN,1
2024,IRL,1
2024,ISL,1
2024,ISR,1
2024,ITA,1
2024,JPN,1
2024,KOR,1
2024,LTU,1
2024,LUX,1
2024,LVA,1
2024,MEX,1
2024,NLD,1
2024,NOR,1
2024,NZL,1
2024,POL,1
2024,PRT,1
2024,SVK,1
2024,SVN,1
2024,SWE,1
2024,TUR,1
2024,USA,1
